Num,Author,Title,ID
"1  The Lion, the Witch and the Wardrobe (Chronicles of Narnia, #1)
      
        by
C.S. Lewis
        
        
          
                 4.20 avg rating — 1,798,545 ratings
          
        
                  
              Vote For This Book
              
                
  
  
    The Lion, the Witch and the Wardrobe
    
    by
    C.S. Lewis
  
  
        1 of 5 stars2 of 5 stars3 of 5 stars4 of 5 stars5 of 5 stars
        
  Added to my books!
    
      add my review
        
  
              
            
                
                  added to your list ()
                    remove
                  
                
                  
              score: 2,190,
              and
              22 people voted Want to Read
saving…
Read
Currently Reading
Want to Read
Add """" Shelf
Add shelf
Add
Error rating book. Refresh and try again.
Rate this book
Clear rating
1 of 5 stars2 of 5 stars3 of 5 stars4 of 5 stars5 of 5 stars",,"The Lion, the Witch and the Wardrobe (Chronicles of Narnia, #1)",100915
"2  Alice's Adventures in Wonderland & Through the Looking-Glass
      
        by
Lewis Carroll
        
        
          
                 4.07 avg rating — 409,473 ratings
          
        
                  
              Vote For This Book
              
                
  
  
    Alice's Adventures in Wonderland & Through the Looking-Glass
    
    by
    Lewis Carroll
  
  
        1 of 5 stars2 of 5 stars3 of 5 stars4 of 5 stars5 of 5 stars
        
  Added to my books!
    
      add my review
        
  
              
            
                
                  added to your list ()
                    remove
                  
                
                  
              score: 1,844,
              and
              19 people voted Want to Read
saving…
Error rating book. Refresh and try again.
Rate this book
Clear rating
1 of 5 stars2 of 5 stars3 of 5 stars4 of 5 stars5 of 5 stars",,Alice's Adventures in Wonderland & Through the Looking-Glass,24213
"3  Peter Pan
      
        by
J.M. Barrie
        
        
          
                 4.09 avg rating — 222,382 ratings
          
        
                  
              Vote For This Book
              
                
  
  
    Peter Pan
    
    by
    J.M. Barrie
  
  
        1 of 5 stars2 of 5 stars3 of 5 stars4 of 5 stars5 of 5 stars
        
  Added to my books!
    
      add my review
        
  
              
            
                
                  added to your list ()
                    remove
                  
                
                  
              score: 1,581,
              and
              14 people voted Want to Read
saving…
Error rating book. Refresh and try again.
Rate this book
Clear rating
1 of 5 stars2 of 5 stars3 of 5 stars4 of 5 stars5 of 5 stars",,Peter Pan,34268
"4  Winnie-the-Pooh (Winnie-the-Pooh, #1)
      
        by
A.A. Milne
        
        
          
                 4.34 avg rating — 230,468 ratings
          
        
                  
              Vote For This Book
              
                
  
  
    Winnie-the-Pooh
    
    by
    A.A. Milne
  
  
        1 of 5 stars2 of 5 stars3 of 5 stars4 of 5 stars5 of 5 stars
        
  Added to my books!
    
      add my review
        
  
              
            
                
                  added to your list ()
                    remove
                  
                
                  
              score: 1,232,
              and
              12 people voted Want to Read
saving…
Error rating book. Refresh and try again.
Rate this book
Clear rating
1 of 5 stars2 of 5 stars3 of 5 stars4 of 5 stars5 of 5 stars",,"Winnie-the-Pooh (Winnie-the-Pooh, #1)",99107
"5  The Sword in the Stone (The Once and Future King, #1)
      
        by
T.H. White
        
        
          
                 3.91 avg rating — 21,251 ratings
          
        
                  
              Vote For This Book
              
                
  
  
    The Sword in the Stone
    
    by
    T.H. White
  
  
        1 of 5 stars2 of 5 stars3 of 5 stars4 of 5 stars5 of 5 stars
        
  Added to my books!
    
      add my review
        
  
              
            
                
                  added to your list ()
                    remove
                  
                
                  
              score: 1,157,
              and
              12 people voted Want to Read
saving…
Error rating book. Refresh and try again.
Rate this book
Clear rating
1 of 5 stars2 of 5 stars3 of 5 stars4 of 5 stars5 of 5 stars",,"The Sword in the Stone (The Once and Future King, #1)",316845
"6  Mary Poppins (Mary Poppins, #1)
      
        by
P.L. Travers
        
        
          
                 4.04 avg rating — 96,192 ratings
          
        
                  
              Vote For This Book
              
                
  
  
    Mary Poppins
    
    by
    P.L. Travers
  
  
        1 of 5 stars2 of 5 stars3 of 5 stars4 of 5 stars5 of 5 stars
        
  Added to my books!
    
      add my review
        
  
              
            
                
                  added to your list ()
                    remove
                  
                
                  
              score: 1,026,
              and
              11 people voted Want to Read
saving…
Error rating book. Refresh and try again.
Rate this book
Clear rating
1 of 5 stars2 of 5 stars3 of 5 stars4 of 5 stars5 of 5 stars",,"Mary Poppins (Mary Poppins, #1)",152380
"7  Treasure Island
      
        by
Robert Louis Stevenson
        
        
          
                 3.83 avg rating — 343,225 ratings
          
        
                  
              Vote For This Book
              
                
  
  
    Treasure Island
    
    by
    Robert Louis Stevenson
  
  
        1 of 5 stars2 of 5 stars3 of 5 stars4 of 5 stars5 of 5 stars
        
  Added to my books!
    
      add my review
        
  
              
            
                
                  added to your list ()
                    remove
                  
                
                  
              score: 885,
              and
              10 people voted Want to Read
saving…
Error rating book. Refresh and try again.
Rate this book
Clear rating
1 of 5 stars2 of 5 stars3 of 5 stars4 of 5 stars5 of 5 stars",,Treasure Island,295
"8  The Princess Diaries (The Princess Diaries, #1)
      
        by
Meg Cabot (Goodreads Author)
        
        
          
                 3.77 avg rating — 214,608 ratings
          
        
                  
              Vote For This Book
              
                
  
  
    The Princess Diaries
    
    by
    Meg Cabot
  
  
        1 of 5 stars2 of 5 stars3 of 5 stars4 of 5 stars5 of 5 stars
        
  Added to my books!
    
      add my review
        
  
              
            
                
                  added to your list ()
                    remove
                  
                
                  
              score: 775,
              and
              8 people voted Want to Read
saving…
Error rating book. Refresh and try again.
Rate this book
Clear rating
1 of 5 stars2 of 5 stars3 of 5 stars4 of 5 stars5 of 5 stars",,"The Princess Diaries (The Princess Diaries, #1)",38980
"9  The Swiss Family Robinson
      
        by
Johann David Wyss
        
        
          
                 3.92 avg rating — 89,218 ratings
          
        
                  
              Vote For This Book
              
                
  
  
    The Swiss Family Robinson
    
    by
    Johann David Wyss
  
  
        1 of 5 stars2 of 5 stars3 of 5 stars4 of 5 stars5 of 5 stars
        
  Added to my books!
    
      add my review
        
  
              
            
                
                  added to your list ()
                    remove
                  
                
                  
              score: 769,
              and
              8 people voted Want to Read
saving…
Error rating book. Refresh and try again.
Rate this book
Clear rating
1 of 5 stars2 of 5 stars3 of 5 stars4 of 5 stars5 of 5 stars",,The Swiss Family Robinson,62111
"10  The Voyage of the Dawn Treader (Chronicles of Narnia, #3)
      
        by
C.S. Lewis
        
        
          
                 4.09 avg rating — 350,187 ratings
          
        
                  
              Vote For This Book
              
                
  
  
    The Voyage of the Dawn Treader
    
    by
    C.S. Lewis
  
  
        1 of 5 stars2 of 5 stars3 of 5 stars4 of 5 stars5 of 5 stars
        
  Added to my books!
    
      add my review
        
  
              
            
                
                  added to your list ()
                    remove
                  
                
                  
              score: 752,
              and
              8 people voted Want to Read
saving…
Error rating book. Refresh and try again.
Rate this book
Clear rating
1 of 5 stars2 of 5 stars3 of 5 stars4 of 5 stars5 of 5 stars",,"The Voyage of the Dawn Treader (Chronicles of Narnia, #3)",140225
"11  Tuck Everlasting
      
        by
Natalie Babbitt
        
        
          
                 3.86 avg rating — 197,108 ratings
          
        
                  
              Vote For This Book
              
                
  
  
    Tuck Everlasting
    
    by
    Natalie Babbitt
  
  
        1 of 5 stars2 of 5 stars3 of 5 stars4 of 5 stars5 of 5 stars
        
  Added to my books!
    
      add my review
        
  
              
            
                
                  added to your list ()
                    remove
                  
                
                  
              score: 745,
              and
              8 people voted Want to Read
saving…
Error rating book. Refresh and try again.
Rate this book
Clear rating
1 of 5 stars2 of 5 stars3 of 5 stars4 of 5 stars5 of 5 stars",,Tuck Everlasting,84981
"11  The 101 Dalmatians (The Hundred and One Dalmatians, #1)
      
        by
Dodie Smith
        
        
          
                 4.12 avg rating — 31,127 ratings
          
        
                  
              Vote For This Book
              
                
  
  
    The 101 Dalmatians
    
    by
    Dodie Smith
  
  
        1 of 5 stars2 of 5 stars3 of 5 stars4 of 5 stars5 of 5 stars
        
  Added to my books!
    
      add my review
        
  
              
            
                
                  added to your list ()
                    remove
                  
                
                  
              score: 745,
              and
              8 people voted Want to Read
saving…
Error rating book. Refresh and try again.
Rate this book
Clear rating
1 of 5 stars2 of 5 stars3 of 5 stars4 of 5 stars5 of 5 stars",,"The 101 Dalmatians (The Hundred and One Dalmatians, #1)",511614
"13  Pollyanna (Pollyanna, #1)
      
        by
Eleanor H. Porter
        
        
          
                 3.97 avg rating — 69,035 ratings
          
        
                  
              Vote For This Book
              
                
  
  
    Pollyanna
    
    by
    Eleanor H. Porter
  
  
        1 of 5 stars2 of 5 stars3 of 5 stars4 of 5 stars5 of 5 stars
        
  Added to my books!
    
      add my review
        
  
              
            
                
                  added to your list ()
                    remove
                  
                
                  
              score: 739,
              and
              8 people voted Want to Read
saving…
Error rating book. Refresh and try again.
Rate this book
Clear rating
1 of 5 stars2 of 5 stars3 of 5 stars4 of 5 stars5 of 5 stars",,"Pollyanna (Pollyanna, #1)",1000751
"14  Prince Caspian (Chronicles of Narnia, #2)
      
        by
C.S. Lewis
        
        
          
                 3.97 avg rating — 296,355 ratings
          
        
                  
              Vote For This Book
              
                
  
  
    Prince Caspian
    
    by
    C.S. Lewis
  
  
        1 of 5 stars2 of 5 stars3 of 5 stars4 of 5 stars5 of 5 stars
        
  Added to my books!
    
      add my review
        
  
              
            
                
                  added to your list ()
                    remove
                  
                
                  
              score: 738,
              and
              8 people voted Want to Read
saving…
Error rating book. Refresh and try again.
Rate this book
Clear rating
1 of 5 stars2 of 5 stars3 of 5 stars4 of 5 stars5 of 5 stars",,"Prince Caspian (Chronicles of Narnia, #2)",121749
"15  The Prince and the Pauper
      
        by
Mark Twain
        
        
          
                 3.85 avg rating — 97,805 ratings
          
        
                  
              Vote For This Book
              
                
  
  
    The Prince and the Pauper
    
    by
    Mark Twain
  
  
        1 of 5 stars2 of 5 stars3 of 5 stars4 of 5 stars5 of 5 stars
        
  Added to my books!
    
      add my review
        
  
              
            
                
                  added to your list ()
                    remove
                  
                
                  
              score: 723,
              and
              8 people voted Want to Read
saving…
Error rating book. Refresh and try again.
Rate this book
Clear rating
1 of 5 stars2 of 5 stars3 of 5 stars4 of 5 stars5 of 5 stars",,The Prince and the Pauper,62446
"16  Basil of Baker Street (Basil of Baker Street, #1)
      
        by
Eve Titus
        
        
          
                 3.92 avg rating — 1,374 ratings
          
        
                  
              Vote For This Book
              
                
  
  
    Basil of Baker Street
    
    by
    Eve Titus
  
  
        1 of 5 stars2 of 5 stars3 of 5 stars4 of 5 stars5 of 5 stars
        
  Added to my books!
    
      add my review
        
  
              
            
                
                  added to your list ()
                    remove
                  
                
                  
              score: 709,
              and
              8 people voted Want to Read
saving…
Error rating book. Refresh and try again.
Rate this book
Clear rating
1 of 5 stars2 of 5 stars3 of 5 stars4 of 5 stars5 of 5 stars",,"Basil of Baker Street (Basil of Baker Street, #1)",1005680
"17  Holes (Holes, #1)
      
        by
Louis Sachar
        
        
          
                 3.95 avg rating — 840,454 ratings
          
        
                  
              Vote For This Book
              
                
  
  
    Holes
    
    by
    Louis Sachar
  
  
        1 of 5 stars2 of 5 stars3 of 5 stars4 of 5 stars5 of 5 stars
        
  Added to my books!
    
      add my review
        
  
              
            
                
                  added to your list ()
                    remove
                  
                
                  
              score: 652,
              and
              8 people voted Want to Read
saving…
Error rating book. Refresh and try again.
Rate this book
Clear rating
1 of 5 stars2 of 5 stars3 of 5 stars4 of 5 stars5 of 5 stars",,"Holes (Holes, #1)",38709
"18  The Adventures of Huckleberry Finn
      
        by
Mark Twain
        
        
          
                 3.81 avg rating — 1,057,553 ratings
          
        
                  
              Vote For This Book
              
                
  
  
    The Adventures of Huckleberry Finn
    
    by
    Mark Twain
  
  
        1 of 5 stars2 of 5 stars3 of 5 stars4 of 5 stars5 of 5 stars
        
  Added to my books!
    
      add my review
        
  
              
            
                
                  added to your list ()
                    remove
                  
                
                  
              score: 637,
              and
              7 people voted Want to Read
saving…
Error rating book. Refresh and try again.
Rate this book
Clear rating
1 of 5 stars2 of 5 stars3 of 5 stars4 of 5 stars5 of 5 stars",,The Adventures of Huckleberry Finn,2956
"19  Pinocchio
      
        by
Carlo Collodi
        
        
          
                 3.86 avg rating — 61,249 ratings
          
        
                  
              Vote For This Book
              
                
  
  
    Pinocchio
    
    by
    Carlo Collodi
  
  
        1 of 5 stars2 of 5 stars3 of 5 stars4 of 5 stars5 of 5 stars
        
  Added to my books!
    
      add my review
        
  
              
            
                
                  added to your list ()
                    remove
                  
                
                  
              score: 623,
              and
              7 people voted Want to Read
saving…
Error rating book. Refresh and try again.
Rate this book
Clear rating
1 of 5 stars2 of 5 stars3 of 5 stars4 of 5 stars5 of 5 stars",,Pinocchio,180617
"19  Old Yeller
      
        by
Fred Gipson
        
        
          
                 4.07 avg rating — 76,674 ratings
          
        
                  
              Vote For This Book
              
                
  
  
    Old Yeller
    
    by
    Fred Gipson
  
  
        1 of 5 stars2 of 5 stars3 of 5 stars4 of 5 stars5 of 5 stars
        
  Added to my books!
    
      add my review
        
  
              
            
                
                  added to your list ()
                    remove
                  
                
                  
              score: 623,
              and
              7 people voted Want to Read
saving…
Error rating book. Refresh and try again.
Rate this book
Clear rating
1 of 5 stars2 of 5 stars3 of 5 stars4 of 5 stars5 of 5 stars",,Old Yeller,130580
"21  The Hunchback of Notre-Dame
      
        by
Victor Hugo
        
        
          
                 3.99 avg rating — 148,648 ratings
          
        
                  
              Vote For This Book
              
                
  
  
    The Hunchback of Notre-Dame
    
    by
    Victor Hugo
  
  
        1 of 5 stars2 of 5 stars3 of 5 stars4 of 5 stars5 of 5 stars
        
  Added to my books!
    
      add my review
        
  
              
            
                
                  added to your list ()
                    remove
                  
                
                  
              score: 610,
              and
              7 people voted Want to Read
saving…
Error rating book. Refresh and try again.
Rate this book
Clear rating
1 of 5 stars2 of 5 stars3 of 5 stars4 of 5 stars5 of 5 stars",,The Hunchback of Notre-Dame,30597
"22  Johnny Tremain
      
        by
Esther Forbes
        
        
          
                 3.63 avg rating — 35,757 ratings
          
        
                  
              Vote For This Book
              
                
  
  
    Johnny Tremain
    
    by
    Esther Forbes
  
  
        1 of 5 stars2 of 5 stars3 of 5 stars4 of 5 stars5 of 5 stars
        
  Added to my books!
    
      add my review
        
  
              
            
                
                  added to your list ()
                    remove
                  
                
                  
              score: 606,
              and
              7 people voted Want to Read
saving…
Error rating book. Refresh and try again.
Rate this book
Clear rating
1 of 5 stars2 of 5 stars3 of 5 stars4 of 5 stars5 of 5 stars",,Johnny Tremain,816870
"23  Bambi
      
        by
Felix Salten
        
        
          
                 4.11 avg rating — 30,801 ratings
          
        
                  
              Vote For This Book
              
                
  
  
    Bambi
    
    by
    Felix Salten
  
  
        1 of 5 stars2 of 5 stars3 of 5 stars4 of 5 stars5 of 5 stars
        
  Added to my books!
    
      add my review
        
  
              
            
                
                  added to your list ()
                    remove
                  
                
                  
              score: 584,
              and
              6 people voted Want to Read
saving…
Error rating book. Refresh and try again.
Rate this book
Clear rating
1 of 5 stars2 of 5 stars3 of 5 stars4 of 5 stars5 of 5 stars",,Bambi,739840
"24  Bridge to Terabithia
      
        by
Katherine Paterson
        
        
          
                 3.99 avg rating — 383,870 ratings
          
        
                  
              Vote For This Book
              
                
  
  
    Bridge to Terabithia
    
    by
    Katherine Paterson
  
  
        1 of 5 stars2 of 5 stars3 of 5 stars4 of 5 stars5 of 5 stars
        
  Added to my books!
    
      add my review
        
  
              
            
                
                  added to your list ()
                    remove
                  
                
                  
              score: 569,
              and
              5 people voted Want to Read
saving…
Error rating book. Refresh and try again.
Rate this book
Clear rating
1 of 5 stars2 of 5 stars3 of 5 stars4 of 5 stars5 of 5 stars",,Bridge to Terabithia,2839
"25  The Jungle Book
      
        by
Rudyard Kipling
        
        
          
                 3.94 avg rating — 89,958 ratings
          
        
                  
              Vote For This Book
              
                
  
  
    The Jungle Book
    
    by
    Rudyard Kipling
  
  
        1 of 5 stars2 of 5 stars3 of 5 stars4 of 5 stars5 of 5 stars
        
  Added to my books!
    
      add my review
        
  
              
            
                
                  added to your list ()
                    remove
                  
                
                  
              score: 543,
              and
              6 people voted Want to Read
saving…
Error rating book. Refresh and try again.
Rate this book
Clear rating
1 of 5 stars2 of 5 stars3 of 5 stars4 of 5 stars5 of 5 stars",,The Jungle Book,77270
"26  A Christmas Carol
      
        by
Charles Dickens
        
        
          
                 4.03 avg rating — 499,335 ratings
          
        
                  
              Vote For This Book
              
                
  
  
    A Christmas Carol
    
    by
    Charles Dickens
  
  
        1 of 5 stars2 of 5 stars3 of 5 stars4 of 5 stars5 of 5 stars
        
  Added to my books!
    
      add my review
        
  
              
            
                
                  added to your list ()
                    remove
                  
                
                  
              score: 521,
              and
              6 people voted Want to Read
saving…
Error rating book. Refresh and try again.
Rate this book
Clear rating
1 of 5 stars2 of 5 stars3 of 5 stars4 of 5 stars5 of 5 stars",,A Christmas Carol,5326
"27  The Rescuers (The Rescuers, #1)
      
        by
Margery Sharp
        
        
          
                 4.09 avg rating — 4,767 ratings
          
        
                  
              Vote For This Book
              
                
  
  
    The Rescuers
    
    by
    Margery Sharp
  
  
        1 of 5 stars2 of 5 stars3 of 5 stars4 of 5 stars5 of 5 stars
        
  Added to my books!
    
      add my review
        
  
              
            
                
                  added to your list ()
                    remove
                  
                
                  
              score: 506,
              and
              6 people voted Want to Read
saving…
Error rating book. Refresh and try again.
Rate this book
Clear rating
1 of 5 stars2 of 5 stars3 of 5 stars4 of 5 stars5 of 5 stars",,"The Rescuers (The Rescuers, #1)",494304
"28  Freaky Friday
      
        by
Mary Rodgers
        
        
          
                 3.71 avg rating — 7,447 ratings
          
        
                  
              Vote For This Book
              
                
  
  
    Freaky Friday
    
    by
    Mary Rodgers
  
  
        1 of 5 stars2 of 5 stars3 of 5 stars4 of 5 stars5 of 5 stars
        
  Added to my books!
    
      add my review
        
  
              
            
                
                  added to your list ()
                    remove
                  
                
                  
              score: 484,
              and
              5 people voted Want to Read
saving…
Error rating book. Refresh and try again.
Rate this book
Clear rating
1 of 5 stars2 of 5 stars3 of 5 stars4 of 5 stars5 of 5 stars",,Freaky Friday,104711
"29  In Search of the Castaways; or the Children of Captain Grant (Extraordinary Voyages, #5)
      
        by
Jules Verne
        
        
          
                 4.07 avg rating — 9,038 ratings
          
        
                  
              Vote For This Book
              
                
  
  
    In Search of the Castaways; or the Children of Captain Grant
    
    by
    Jules Verne
  
  
        1 of 5 stars2 of 5 stars3 of 5 stars4 of 5 stars5 of 5 stars
        
  Added to my books!
    
      add my review
        
  
              
            
                
                  added to your list ()
                    remove
                  
                
                  
              score: 471,
              and
              6 people voted Want to Read
saving…
Error rating book. Refresh and try again.
Rate this book
Clear rating
1 of 5 stars2 of 5 stars3 of 5 stars4 of 5 stars5 of 5 stars",,"In Search of the Castaways; or the Children of Captain Grant (Extraordinary Voyages, #5)",267071
"30  Das doppelte Lottchen
      
        by
Erich Kästner
        
        
          
                 4.10 avg rating — 7,398 ratings
          
        
                  
              Vote For This Book
              
                
  
  
    Das doppelte Lottchen
    
    by
    Erich Kästner
  
  
        1 of 5 stars2 of 5 stars3 of 5 stars4 of 5 stars5 of 5 stars
        
  Added to my books!
    
      add my review
        
  
              
            
                
                  added to your list ()
                    remove
                  
                
                  
              score: 456,
              and
              5 people voted Want to Read
saving…
Error rating book. Refresh and try again.
Rate this book
Clear rating
1 of 5 stars2 of 5 stars3 of 5 stars4 of 5 stars5 of 5 stars",,Das doppelte Lottchen,887010
"31  The Three Musketeers (The D'Artagnan Romances, #1)
      
        by
Alexandre Dumas
        
        
          
                 4.07 avg rating — 240,598 ratings
          
        
                  
              Vote For This Book
              
                
  
  
    The Three Musketeers
    
    by
    Alexandre Dumas
  
  
        1 of 5 stars2 of 5 stars3 of 5 stars4 of 5 stars5 of 5 stars
        
  Added to my books!
    
      add my review
        
  
              
            
                
                  added to your list ()
                    remove
                  
                
                  
              score: 437,
              and
              5 people voted Want to Read
saving…
Error rating book. Refresh and try again.
Rate this book
Clear rating
1 of 5 stars2 of 5 stars3 of 5 stars4 of 5 stars5 of 5 stars",,"The Three Musketeers (The D'Artagnan Romances, #1)",7190
"32  The Incredible Journey
      
        by
Sheila Burnford
        
        
          
                 4.16 avg rating — 44,647 ratings
          
        
                  
              Vote For This Book
              
                
  
  
    The Incredible Journey
    
    by
    Sheila Burnford
  
  
        1 of 5 stars2 of 5 stars3 of 5 stars4 of 5 stars5 of 5 stars
        
  Added to my books!
    
      add my review
        
  
              
            
                
                  added to your list ()
                    remove
                  
                
                  
              score: 435,
              and
              5 people voted Want to Read
saving…
Error rating book. Refresh and try again.
Rate this book
Clear rating
1 of 5 stars2 of 5 stars3 of 5 stars4 of 5 stars5 of 5 stars",,The Incredible Journey,231821
"33  The Little Mermaid
      
        by
Hans Christian Andersen
        
        
          
                 4.02 avg rating — 18,049 ratings
          
        
                  
              Vote For This Book
              
                
  
  
    The Little Mermaid
    
    by
    Hans Christian Andersen
  
  
        1 of 5 stars2 of 5 stars3 of 5 stars4 of 5 stars5 of 5 stars
        
  Added to my books!
    
      add my review
        
  
              
            
                
                  added to your list ()
                    remove
                  
                
                  
              score: 432,
              and
              4 people voted Want to Read
saving…
Error rating book. Refresh and try again.
Rate this book
Clear rating
1 of 5 stars2 of 5 stars3 of 5 stars4 of 5 stars5 of 5 stars",,The Little Mermaid,132391
"34  Toby Tyler, or Ten Weeks with a Circus
      
        by
James Otis
        
        
          
                 3.66 avg rating — 344 ratings
          
        
                  
              Vote For This Book
              
                
  
  
    Toby Tyler, or Ten Weeks with a Circus
    
    by
    James Otis
  
  
        1 of 5 stars2 of 5 stars3 of 5 stars4 of 5 stars5 of 5 stars
        
  Added to my books!
    
      add my review
        
  
              
            
                
                  added to your list ()
                    remove
                  
                
                  
              score: 427,
              and
              5 people voted Want to Read
saving…
Error rating book. Refresh and try again.
Rate this book
Clear rating
1 of 5 stars2 of 5 stars3 of 5 stars4 of 5 stars5 of 5 stars",,"Toby Tyler, or Ten Weeks with a Circus",1104029
"35  The Apple Dumpling Gang
      
        by
Jack M. Bickham
        
        
          
                 3.30 avg rating — 40 ratings
          
        
                  
              Vote For This Book
              
                
  
  
    The Apple Dumpling Gang
    
    by
    Jack M. Bickham
  
  
        1 of 5 stars2 of 5 stars3 of 5 stars4 of 5 stars5 of 5 stars
        
  Added to my books!
    
      add my review
        
  
              
            
                
                  added to your list ()
                    remove
                  
                
                  
              score: 414,
              and
              5 people voted Want to Read
saving…
Error rating book. Refresh and try again.
Rate this book
Clear rating
1 of 5 stars2 of 5 stars3 of 5 stars4 of 5 stars5 of 5 stars",,The Apple Dumpling Gang,6356906
"36  Rapunzel
      
        by
Paul O. Zelinsky (retold by)
        
        
          
                 4.16 avg rating — 15,018 ratings
          
        
                  
              Vote For This Book
              
                
  
  
    Rapunzel
    
    by
    Paul O. Zelinsky
  
  
        1 of 5 stars2 of 5 stars3 of 5 stars4 of 5 stars5 of 5 stars
        
  Added to my books!
    
      add my review
        
  
              
            
                
                  added to your list ()
                    remove
                  
                
                  
              score: 378,
              and
              4 people voted Want to Read
saving…
Error rating book. Refresh and try again.
Rate this book
Clear rating
1 of 5 stars2 of 5 stars3 of 5 stars4 of 5 stars5 of 5 stars",,Rapunzel,815158
"37  James and the Giant Peach
      
        by
Roald Dahl
        
        
          
                really liked it 4.00 avg rating — 320,561 ratings
          
        
                  
              Vote For This Book
              
                
  
  
    James and the Giant Peach
    
    by
    Roald Dahl
  
  
        1 of 5 stars2 of 5 stars3 of 5 stars4 of 5 stars5 of 5 stars
        
  Added to my books!
    
      add my review
        
  
              
            
                
                  added to your list ()
                    remove
                  
                
                  
              score: 351,
              and
              4 people voted Want to Read
saving…
Error rating book. Refresh and try again.
Rate this book
Clear rating
1 of 5 stars2 of 5 stars3 of 5 stars4 of 5 stars5 of 5 stars",,James and the Giant Peach,6689
"38  Robinson Crusoe
      
        by
Daniel Defoe
        
        
          
                 3.66 avg rating — 214,969 ratings
          
        
                  
              Vote For This Book
              
                
  
  
    Robinson Crusoe
    
    by
    Daniel Defoe
  
  
        1 of 5 stars2 of 5 stars3 of 5 stars4 of 5 stars5 of 5 stars
        
  Added to my books!
    
      add my review
        
  
              
            
                
                  added to your list ()
                    remove
                  
                
                  
              score: 350,
              and
              4 people voted Want to Read
saving…
Error rating book. Refresh and try again.
Rate this book
Clear rating
1 of 5 stars2 of 5 stars3 of 5 stars4 of 5 stars5 of 5 stars",,Robinson Crusoe,2932
"39  A Wrinkle in Time (Time Quintet, #1)
      
        by
Madeleine L'Engle
        
        
          
                 4.02 avg rating — 808,710 ratings
          
        
                  
              Vote For This Book
              
                
  
  
    A Wrinkle in Time
    
    by
    Madeleine L'Engle
  
  
        1 of 5 stars2 of 5 stars3 of 5 stars4 of 5 stars5 of 5 stars
        
  Added to my books!
    
      add my review
        
  
              
            
                
                  added to your list ()
                    remove
                  
                
                  
              score: 348,
              and
              4 people voted Want to Read
saving…
Error rating book. Refresh and try again.
Rate this book
Clear rating
1 of 5 stars2 of 5 stars3 of 5 stars4 of 5 stars5 of 5 stars",,"A Wrinkle in Time (Time Quintet, #1)",18131
"40  Big Red (Big Red, #1)
      
        by
Jim Kjelgaard
        
        
          
                 4.12 avg rating — 16,581 ratings
          
        
                  
              Vote For This Book
              
                
  
  
    Big Red
    
    by
    Jim Kjelgaard
  
  
        1 of 5 stars2 of 5 stars3 of 5 stars4 of 5 stars5 of 5 stars
        
  Added to my books!
    
      add my review
        
  
              
            
                
                  added to your list ()
                    remove
                  
                
                  
              score: 347,
              and
              5 people voted Want to Read
saving…
Error rating book. Refresh and try again.
Rate this book
Clear rating
1 of 5 stars2 of 5 stars3 of 5 stars4 of 5 stars5 of 5 stars",,"Big Red (Big Red, #1)",123170
"41  Bedknob and Broomstick
      
        by
Mary Norton
        
        
          
                 4.04 avg rating — 9,583 ratings
          
        
                  
              Vote For This Book
              
                
  
  
    Bedknob and Broomstick
    
    by
    Mary Norton
  
  
        1 of 5 stars2 of 5 stars3 of 5 stars4 of 5 stars5 of 5 stars
        
  Added to my books!
    
      add my review
        
  
              
            
                
                  added to your list ()
                    remove
                  
                
                  
              score: 344,
              and
              4 people voted Want to Read
saving…
Error rating book. Refresh and try again.
Rate this book
Clear rating
1 of 5 stars2 of 5 stars3 of 5 stars4 of 5 stars5 of 5 stars",,Bedknob and Broomstick,474211
"42  The Moonspinners
      
        by
Mary  Stewart
        
        
          
                 4.03 avg rating — 6,833 ratings
          
        
                  
              Vote For This Book
              
                
  
  
    The Moonspinners
    
    by
    Mary  Stewart
  
  
        1 of 5 stars2 of 5 stars3 of 5 stars4 of 5 stars5 of 5 stars
        
  Added to my books!
    
      add my review
        
  
              
            
                
                  added to your list ()
                    remove
                  
                
                  
              score: 343,
              and
              5 people voted Want to Read
saving…
Error rating book. Refresh and try again.
Rate this book
Clear rating
1 of 5 stars2 of 5 stars3 of 5 stars4 of 5 stars5 of 5 stars",,The Moonspinners,27693
"43  Snow White and the Seven Dwarfs
      
        by
Walt Disney Company
        
        
          
                 4.18 avg rating — 21,665 ratings
          
        
                  
              Vote For This Book
              
                
  
  
    Snow White and the Seven Dwarfs
    
    by
    Walt Disney Company
  
  
        1 of 5 stars2 of 5 stars3 of 5 stars4 of 5 stars5 of 5 stars
        
  Added to my books!
    
      add my review
        
  
              
            
                
                  added to your list ()
                    remove
                  
                
                  
              score: 337,
              and
              4 people voted Want to Read
saving…
Error rating book. Refresh and try again.
Rate this book
Clear rating
1 of 5 stars2 of 5 stars3 of 5 stars4 of 5 stars5 of 5 stars",,Snow White and the Seven Dwarfs,141019
"44  Banner in the Sky
      
        by
James Ramsey Ullman
        
        
          
                 3.79 avg rating — 3,623 ratings
          
        
                  
              Vote For This Book
              
                
  
  
    Banner in the Sky
    
    by
    James Ramsey Ullman
  
  
        1 of 5 stars2 of 5 stars3 of 5 stars4 of 5 stars5 of 5 stars
        
  Added to my books!
    
      add my review
        
  
              
            
                
                  added to your list ()
                    remove
                  
                
                  
              score: 330,
              and
              5 people voted Want to Read
saving…
Error rating book. Refresh and try again.
Rate this book
Clear rating
1 of 5 stars2 of 5 stars3 of 5 stars4 of 5 stars5 of 5 stars",,Banner in the Sky,333766
"45  Twenty Thousand Leagues Under the Sea (Extraordinary Voyages, #6)
      
        by
Jules Verne
        
        
          
                 3.87 avg rating — 164,666 ratings
          
        
                  
              Vote For This Book
              
                
  
  
    Twenty Thousand Leagues Under the Sea
    
    by
    Jules Verne
  
  
        1 of 5 stars2 of 5 stars3 of 5 stars4 of 5 stars5 of 5 stars
        
  Added to my books!
    
      add my review
        
  
              
            
                
                  added to your list ()
                    remove
                  
                
                  
              score: 329,
              and
              3 people voted Want to Read
saving…
Error rating book. Refresh and try again.
Rate this book
Clear rating
1 of 5 stars2 of 5 stars3 of 5 stars4 of 5 stars5 of 5 stars",,"Twenty Thousand Leagues Under the Sea (Extraordinary Voyages, #6)",33507
"46  Kidnapped (David Balfour, #1)
      
        by
Robert Louis Stevenson
        
        
          
                 3.79 avg rating — 53,136 ratings
          
        
                  
              Vote For This Book
              
                
  
  
    Kidnapped
    
    by
    Robert Louis Stevenson
  
  
        1 of 5 stars2 of 5 stars3 of 5 stars4 of 5 stars5 of 5 stars
        
  Added to my books!
    
      add my review
        
  
              
            
                
                  added to your list ()
                    remove
                  
                
                  
              score: 328,
              and
              5 people voted Want to Read
saving…
Error rating book. Refresh and try again.
Rate this book
Clear rating
1 of 5 stars2 of 5 stars3 of 5 stars4 of 5 stars5 of 5 stars",,"Kidnapped (David Balfour, #1)",325128
"47  Miss Bianca (The Rescuers, #2)
      
        by
Margery Sharp
        
        
          
                 3.96 avg rating — 402 ratings
          
        
                  
              Vote For This Book
              
                
  
  
    Miss Bianca
    
    by
    Margery Sharp
  
  
        1 of 5 stars2 of 5 stars3 of 5 stars4 of 5 stars5 of 5 stars
        
  Added to my books!
    
      add my review
        
  
              
            
                
                  added to your list ()
                    remove
                  
                
                  
              score: 322,
              and
              4 people voted Want to Read
saving…
Error rating book. Refresh and try again.
Rate this book
Clear rating
1 of 5 stars2 of 5 stars3 of 5 stars4 of 5 stars5 of 5 stars",,"Miss Bianca (The Rescuers, #2)",1112570
"48  The Reluctant Dragon
      
        by
Kenneth Grahame
        
        
          
                 3.96 avg rating — 2,868 ratings
          
        
                  
              Vote For This Book
              
                
  
  
    The Reluctant Dragon
    
    by
    Kenneth Grahame
  
  
        1 of 5 stars2 of 5 stars3 of 5 stars4 of 5 stars5 of 5 stars
        
  Added to my books!
    
      add my review
        
  
              
            
                
                  added to your list ()
                    remove
                  
                
                  
              score: 309,
              and
              4 people voted Want to Read
saving…
Error rating book. Refresh and try again.
Rate this book
Clear rating
1 of 5 stars2 of 5 stars3 of 5 stars4 of 5 stars5 of 5 stars",,The Reluctant Dragon,2190742
"49  The Once and Future King (The Once and Future King #1-4)
      
        by
T.H. White
        
        
          
                 4.08 avg rating — 87,255 ratings
          
        
                  
              Vote For This Book
              
                
  
  
    The Once and Future King
    
    by
    T.H. White
  
  
        1 of 5 stars2 of 5 stars3 of 5 stars4 of 5 stars5 of 5 stars
        
  Added to my books!
    
      add my review
        
  
              
            
                
                  added to your list ()
                    remove
                  
                
                  
              score: 307,
              and
              4 people voted Want to Read
saving…
Error rating book. Refresh and try again.
Rate this book
Clear rating
1 of 5 stars2 of 5 stars3 of 5 stars4 of 5 stars5 of 5 stars",,The Once and Future King (The Once and Future King #1-4),43545
"50  Something Wicked This Way Comes
      
        by
Ray Bradbury
        
        
          
                 3.95 avg rating — 81,290 ratings
          
        
                  
              Vote For This Book
              
                
  
  
    Something Wicked This Way Comes
    
    by
    Ray Bradbury
  
  
        1 of 5 stars2 of 5 stars3 of 5 stars4 of 5 stars5 of 5 stars
        
  Added to my books!
    
      add my review
        
  
              
            
                
                  added to your list ()
                    remove
                  
                
                  
              score: 301,
              and
              4 people voted Want to Read
saving…
Error rating book. Refresh and try again.
Rate this book
Clear rating
1 of 5 stars2 of 5 stars3 of 5 stars4 of 5 stars5 of 5 stars",,Something Wicked This Way Comes,248596
"51  The Ugly Dachshund
      
        by
G.B. Stern
        
        
          
                 3.71 avg rating — 65 ratings
          
        
                  
              Vote For This Book
              
                
  
  
    The Ugly Dachshund
    
    by
    G.B. Stern
  
  
        1 of 5 stars2 of 5 stars3 of 5 stars4 of 5 stars5 of 5 stars
        
  Added to my books!
    
      add my review
        
  
              
            
                
                  added to your list ()
                    remove
                  
                
                  
              score: 299,
              and
              4 people voted Want to Read
saving…
Error rating book. Refresh and try again.
Rate this book
Clear rating
1 of 5 stars2 of 5 stars3 of 5 stars4 of 5 stars5 of 5 stars",,The Ugly Dachshund,866188
"52  The Black Cauldron (The Chronicles of Prydain, #2)
      
        by
Lloyd Alexander
        
        
          
                 4.13 avg rating — 53,258 ratings
          
        
                  
              Vote For This Book
              
                
  
  
    The Black Cauldron
    
    by
    Lloyd Alexander
  
  
        1 of 5 stars2 of 5 stars3 of 5 stars4 of 5 stars5 of 5 stars
        
  Added to my books!
    
      add my review
        
  
              
            
                
                  added to your list ()
                    remove
                  
                
                  
              score: 282,
              and
              4 people voted Want to Read
saving…
Error rating book. Refresh and try again.
Rate this book
Clear rating
1 of 5 stars2 of 5 stars3 of 5 stars4 of 5 stars5 of 5 stars",,"The Black Cauldron (The Chronicles of Prydain, #2)",24784
"53  Dumbo
      
        by
Helen Aberson
        
        
          
                 3.70 avg rating — 33 ratings
          
        
                  
              Vote For This Book
              
                
  
  
    Dumbo
    
    by
    Helen Aberson
  
  
        1 of 5 stars2 of 5 stars3 of 5 stars4 of 5 stars5 of 5 stars
        
  Added to my books!
    
      add my review
        
  
              
            
                
                  added to your list ()
                    remove
                  
                
                  
              score: 272,
              and
              3 people voted Want to Read
saving…
Error rating book. Refresh and try again.
Rate this book
Clear rating
1 of 5 stars2 of 5 stars3 of 5 stars4 of 5 stars5 of 5 stars",,Dumbo,9122335
"54  A Connecticut Yankee in King Arthur's Court
      
        by
Mark Twain
        
        
          
                 3.77 avg rating — 84,909 ratings
          
        
                  
              Vote For This Book
              
                
  
  
    A Connecticut Yankee in King Arthur's Court
    
    by
    Mark Twain
  
  
        1 of 5 stars2 of 5 stars3 of 5 stars4 of 5 stars5 of 5 stars
        
  Added to my books!
    
      add my review
        
  
              
            
                
                  added to your list ()
                    remove
                  
                
                  
              score: 262,
              and
              3 people voted Want to Read
saving…
Error rating book. Refresh and try again.
Rate this book
Clear rating
1 of 5 stars2 of 5 stars3 of 5 stars4 of 5 stars5 of 5 stars",,A Connecticut Yankee in King Arthur's Court,162898
"55  The Chronicles of Narnia (Chronicles of Narnia, #1-7)
      
        by
C.S. Lewis
        
        
          
                 4.25 avg rating — 436,877 ratings
          
        
                  
              Vote For This Book
              
                
  
  
    The Chronicles of Narnia
    
    by
    C.S. Lewis
  
  
        1 of 5 stars2 of 5 stars3 of 5 stars4 of 5 stars5 of 5 stars
        
  Added to my books!
    
      add my review
        
  
              
            
                
                  added to your list ()
                    remove
                  
                
                  
              score: 261,
              and
              3 people voted Want to Read
saving…
Error rating book. Refresh and try again.
Rate this book
Clear rating
1 of 5 stars2 of 5 stars3 of 5 stars4 of 5 stars5 of 5 stars",,"The Chronicles of Narnia (Chronicles of Narnia, #1-7)",11127
"56  Oliver Twist
      
        by
Charles Dickens
        
        
          
                 3.86 avg rating — 276,321 ratings
          
        
                  
              Vote For This Book
              
                
  
  
    Oliver Twist
    
    by
    Charles Dickens
  
  
        1 of 5 stars2 of 5 stars3 of 5 stars4 of 5 stars5 of 5 stars
        
  Added to my books!
    
      add my review
        
  
              
            
                
                  added to your list ()
                    remove
                  
                
                  
              score: 260,
              and
              3 people voted Want to Read
saving…
Error rating book. Refresh and try again.
Rate this book
Clear rating
1 of 5 stars2 of 5 stars3 of 5 stars4 of 5 stars5 of 5 stars",,Oliver Twist,18254
"57  The Legend of Sleepy Hollow (Graphic Novel)
      
        by
Bo Hampton (Adapter, Illustrator)
        
        
          
                 3.96 avg rating — 44,735 ratings
          
        
                  
              Vote For This Book
              
                
  
  
    The Legend of Sleepy Hollow
    
    by
    Bo Hampton
  
  
        1 of 5 stars2 of 5 stars3 of 5 stars4 of 5 stars5 of 5 stars
        
  Added to my books!
    
      add my review
        
  
              
            
                
                  added to your list ()
                    remove
                  
                
                  
              score: 257,
              and
              3 people voted Want to Read
saving…
Error rating book. Refresh and try again.
Rate this book
Clear rating
1 of 5 stars2 of 5 stars3 of 5 stars4 of 5 stars5 of 5 stars",,The Legend of Sleepy Hollow (Graphic Novel),93263
"57  Never Cry Wolf
      
        by
Farley Mowat
        
        
          
                 4.19 avg rating — 19,701 ratings
          
        
                  
              Vote For This Book
              
                
  
  
    Never Cry Wolf
    
    by
    Farley Mowat
  
  
        1 of 5 stars2 of 5 stars3 of 5 stars4 of 5 stars5 of 5 stars
        
  Added to my books!
    
      add my review
        
  
              
            
                
                  added to your list ()
                    remove
                  
                
                  
              score: 257,
              and
              3 people voted Want to Read
saving…
Error rating book. Refresh and try again.
Rate this book
Clear rating
1 of 5 stars2 of 5 stars3 of 5 stars4 of 5 stars5 of 5 stars",,Never Cry Wolf,72659
"59  Mother Carey's Chickens
      
        by
Kate Douglas Wiggin
        
        
          
                 4.13 avg rating — 367 ratings
          
        
                  
              Vote For This Book
              
                
  
  
    Mother Carey's Chickens
    
    by
    Kate Douglas Wiggin
  
  
        1 of 5 stars2 of 5 stars3 of 5 stars4 of 5 stars5 of 5 stars
        
  Added to my books!
    
      add my review
        
  
              
            
                
                  added to your list ()
                    remove
                  
                
                  
              score: 251,
              and
              3 people voted Want to Read
saving…
Error rating book. Refresh and try again.
Rate this book
Clear rating
1 of 5 stars2 of 5 stars3 of 5 stars4 of 5 stars5 of 5 stars",,Mother Carey's Chickens,19357
"60  Beauty and the Beast
      
        by
Jeanne-Marie Leprince de Beaumont
        
        
          
                 3.98 avg rating — 11,850 ratings
          
        
                  
              Vote For This Book
              
                
  
  
    Beauty and the Beast
    
    by
    Jeanne-Marie Leprince de Beaumont
  
  
        1 of 5 stars2 of 5 stars3 of 5 stars4 of 5 stars5 of 5 stars
        
  Added to my books!
    
      add my review
        
  
              
            
                
                  added to your list ()
                    remove
                  
                
                  
              score: 249,
              and
              3 people voted Want to Read
saving…
Error rating book. Refresh and try again.
Rate this book
Clear rating
1 of 5 stars2 of 5 stars3 of 5 stars4 of 5 stars5 of 5 stars",,Beauty and the Beast,5784403
"61  Tarzan of the Apes (Tarzan, #1)
      
        by
Edgar Rice Burroughs
        
        
          
                 3.89 avg rating — 35,548 ratings
          
        
                  
              Vote For This Book
              
                
  
  
    Tarzan of the Apes
    
    by
    Edgar Rice Burroughs
  
  
        1 of 5 stars2 of 5 stars3 of 5 stars4 of 5 stars5 of 5 stars
        
  Added to my books!
    
      add my review
        
  
              
            
                
                  added to your list ()
                    remove
                  
                
                  
              score: 243,
              and
              3 people voted Want to Read
saving…
Error rating book. Refresh and try again.
Rate this book
Clear rating
1 of 5 stars2 of 5 stars3 of 5 stars4 of 5 stars5 of 5 stars",,"Tarzan of the Apes (Tarzan, #1)",40425
"62  The Complete Tales of Uncle Remus
      
        by
Joel Chandler Harris
        
        
          
                 4.13 avg rating — 1,392 ratings
          
        
                  
              Vote For This Book
              
                
  
  
    The Complete Tales of Uncle Remus
    
    by
    Joel Chandler Harris
  
  
        1 of 5 stars2 of 5 stars3 of 5 stars4 of 5 stars5 of 5 stars
        
  Added to my books!
    
      add my review
        
  
              
            
                
                  added to your list ()
                    remove
                  
                
                  
              score: 240,
              and
              3 people voted Want to Read
saving…
Error rating book. Refresh and try again.
Rate this book
Clear rating
1 of 5 stars2 of 5 stars3 of 5 stars4 of 5 stars5 of 5 stars",,The Complete Tales of Uncle Remus,77152
"63  Savage Sam (Old Yeller, #2)
      
        by
Fred Gipson
        
        
          
                 4.03 avg rating — 1,162 ratings
          
        
                  
              Vote For This Book
              
                
  
  
    Savage Sam
    
    by
    Fred Gipson
  
  
        1 of 5 stars2 of 5 stars3 of 5 stars4 of 5 stars5 of 5 stars
        
  Added to my books!
    
      add my review
        
  
              
            
                
                  added to your list ()
                    remove
                  
                
                  
              score: 235,
              and
              3 people voted Want to Read
saving…
Error rating book. Refresh and try again.
Rate this book
Clear rating
1 of 5 stars2 of 5 stars3 of 5 stars4 of 5 stars5 of 5 stars",,"Savage Sam (Old Yeller, #2)",167110
"64  A Day with Wilbur Robinson
      
        by
William Joyce (Goodreads Author)
        
        
          
                 4.04 avg rating — 753 ratings
          
        
                  
              Vote For This Book
              
                
  
  
    A Day with Wilbur Robinson
    
    by
    William Joyce
  
  
        1 of 5 stars2 of 5 stars3 of 5 stars4 of 5 stars5 of 5 stars
        
  Added to my books!
    
      add my review
        
  
              
            
                
                  added to your list ()
                    remove
                  
                
                  
              score: 234,
              and
              3 people voted Want to Read
saving…
Error rating book. Refresh and try again.
Rate this book
Clear rating
1 of 5 stars2 of 5 stars3 of 5 stars4 of 5 stars5 of 5 stars",,A Day with Wilbur Robinson,566625
"65  So Dear to My Heart
      
        by
Sterling North
        
        
          
                 4.04 avg rating — 81 ratings
          
        
                  
              Vote For This Book
              
                
  
  
    So Dear to My Heart
    
    by
    Sterling North
  
  
        1 of 5 stars2 of 5 stars3 of 5 stars4 of 5 stars5 of 5 stars
        
  Added to my books!
    
      add my review
        
  
              
            
                
                  added to your list ()
                    remove
                  
                
                  
              score: 233,
              and
              3 people voted Want to Read
saving…
Error rating book. Refresh and try again.
Rate this book
Clear rating
1 of 5 stars2 of 5 stars3 of 5 stars4 of 5 stars5 of 5 stars",,So Dear to My Heart,2552269
"66  The Fox and The Hound
      
        by
Daniel P. Mannix
        
        
          
                 4.25 avg rating — 870 ratings
          
        
                  
              Vote For This Book
              
                
  
  
    The Fox and The Hound
    
    by
    Daniel P. Mannix
  
  
        1 of 5 stars2 of 5 stars3 of 5 stars4 of 5 stars5 of 5 stars
        
  Added to my books!
    
      add my review
        
  
              
            
                
                  added to your list ()
                    remove
                  
                
                  
              score: 232,
              and
              3 people voted Want to Read
saving…
Error rating book. Refresh and try again.
Rate this book
Clear rating
1 of 5 stars2 of 5 stars3 of 5 stars4 of 5 stars5 of 5 stars",,The Fox and The Hound,1322303
"67  Escape to Witch Mountain
      
        by
Alexander Key
        
        
          
                 3.88 avg rating — 2,976 ratings
          
        
                  
              Vote For This Book
              
                
  
  
    Escape to Witch Mountain
    
    by
    Alexander Key
  
  
        1 of 5 stars2 of 5 stars3 of 5 stars4 of 5 stars5 of 5 stars
        
  Added to my books!
    
      add my review
        
  
              
            
                
                  added to your list ()
                    remove
                  
                
                  
              score: 228,
              and
              3 people voted Want to Read
saving…
Error rating book. Refresh and try again.
Rate this book
Clear rating
1 of 5 stars2 of 5 stars3 of 5 stars4 of 5 stars5 of 5 stars",,Escape to Witch Mountain,458191
"68  Emil and the Detectives
      
        by
Erich Kästner
        
        
          
                 3.96 avg rating — 6,666 ratings
          
        
                  
              Vote For This Book
              
                
  
  
    Emil and the Detectives
    
    by
    Erich Kästner
  
  
        1 of 5 stars2 of 5 stars3 of 5 stars4 of 5 stars5 of 5 stars
        
  Added to my books!
    
      add my review
        
  
              
            
                
                  added to your list ()
                    remove
                  
                
                  
              score: 222,
              and
              3 people voted Want to Read
saving…
Error rating book. Refresh and try again.
Rate this book
Clear rating
1 of 5 stars2 of 5 stars3 of 5 stars4 of 5 stars5 of 5 stars",,Emil and the Detectives,67270
"69  Thomasina
      
        by
Paul Gallico
        
        
          
                 4.13 avg rating — 804 ratings
          
        
                  
              Vote For This Book
              
                
  
  
    Thomasina
    
    by
    Paul Gallico
  
  
        1 of 5 stars2 of 5 stars3 of 5 stars4 of 5 stars5 of 5 stars
        
  Added to my books!
    
      add my review
        
  
              
            
                
                  added to your list ()
                    remove
                  
                
                  
              score: 221,
              and
              3 people voted Want to Read
saving…
Error rating book. Refresh and try again.
Rate this book
Clear rating
1 of 5 stars2 of 5 stars3 of 5 stars4 of 5 stars5 of 5 stars",,Thomasina,338674
"70  That Darn Cat (Undercover Cat#1)
      
        by
The Gordons
        
        
          
                 3.80 avg rating — 138 ratings
          
        
                  
              Vote For This Book
              
                
  
  
    That Darn Cat
    
    by
    The Gordons
  
  
        1 of 5 stars2 of 5 stars3 of 5 stars4 of 5 stars5 of 5 stars
        
  Added to my books!
    
      add my review
        
  
              
            
                
                  added to your list ()
                    remove
                  
                
                  
              score: 218,
              and
              3 people voted Want to Read
saving…
Error rating book. Refresh and try again.
Rate this book
Clear rating
1 of 5 stars2 of 5 stars3 of 5 stars4 of 5 stars5 of 5 stars",,That Darn Cat (Undercover Cat#1),1280465
"71  Lady and the Tramp
      
        by
Ward Greene
        
        
          
                really liked it 4.00 avg rating — 14 ratings
          
        
                  
              Vote For This Book
              
                
  
  
    Lady and the Tramp
    
    by
    Ward Greene
  
  
        1 of 5 stars2 of 5 stars3 of 5 stars4 of 5 stars5 of 5 stars
        
  Added to my books!
    
      add my review
        
  
              
            
                
                  added to your list ()
                    remove
                  
                
                  
              score: 211,
              and
              3 people voted Want to Read
saving…
Error rating book. Refresh and try again.
Rate this book
Clear rating
1 of 5 stars2 of 5 stars3 of 5 stars4 of 5 stars5 of 5 stars",,Lady and the Tramp,21793670
"72  Avalon High
      
        by
Meg Cabot (Goodreads Author)
        
        
          
                 3.80 avg rating — 41,098 ratings
          
        
                  
              Vote For This Book
              
                
  
  
    Avalon High
    
    by
    Meg Cabot
  
  
        1 of 5 stars2 of 5 stars3 of 5 stars4 of 5 stars5 of 5 stars
        
  Added to my books!
    
      add my review
        
  
              
            
                
                  added to your list ()
                    remove
                  
                
                  
              score: 209,
              and
              3 people voted Want to Read
saving…
Error rating book. Refresh and try again.
Rate this book
Clear rating
1 of 5 stars2 of 5 stars3 of 5 stars4 of 5 stars5 of 5 stars",,Avalon High,187812
"73  The Book of Three (The Chronicles of Prydain, #1)
      
        by
Lloyd Alexander
        
        
          
                really liked it 4.00 avg rating — 63,524 ratings
          
        
                  
              Vote For This Book
              
                
  
  
    The Book of Three
    
    by
    Lloyd Alexander
  
  
        1 of 5 stars2 of 5 stars3 of 5 stars4 of 5 stars5 of 5 stars
        
  Added to my books!
    
      add my review
        
  
              
            
                
                  added to your list ()
                    remove
                  
                
                  
              score: 202,
              and
              3 people voted Want to Read
saving…
Error rating book. Refresh and try again.
Rate this book
Clear rating
1 of 5 stars2 of 5 stars3 of 5 stars4 of 5 stars5 of 5 stars",,"The Book of Three (The Chronicles of Prydain, #1)",24780
"74  White Fang
      
        by
Jack London
        
        
          
                 3.96 avg rating — 126,172 ratings
          
        
                  
              Vote For This Book
              
                
  
  
    White Fang
    
    by
    Jack London
  
  
        1 of 5 stars2 of 5 stars3 of 5 stars4 of 5 stars5 of 5 stars
        
  Added to my books!
    
      add my review
        
  
              
            
                
                  added to your list ()
                    remove
                  
                
                  
              score: 191,
              and
              3 people voted Want to Read
saving…
Error rating book. Refresh and try again.
Rate this book
Clear rating
1 of 5 stars2 of 5 stars3 of 5 stars4 of 5 stars5 of 5 stars",,White Fang,43035
"75  Around the World in Eighty Days (Extraordinary Voyages, #11)
      
        by
Jules Verne
        
        
          
                 3.91 avg rating — 153,846 ratings
          
        
                  
              Vote For This Book
              
                
  
  
    Around the World in Eighty Days
    
    by
    Jules Verne
  
  
        1 of 5 stars2 of 5 stars3 of 5 stars4 of 5 stars5 of 5 stars
        
  Added to my books!
    
      add my review
        
  
              
            
                
                  added to your list ()
                    remove
                  
                
                  
              score: 188,
              and
              3 people voted Want to Read
saving…
Error rating book. Refresh and try again.
Rate this book
Clear rating
1 of 5 stars2 of 5 stars3 of 5 stars4 of 5 stars5 of 5 stars",,"Around the World in Eighty Days (Extraordinary Voyages, #11)",54479
"76  Swiftwater
      
        by
Paul Annixter
        
        
          
                 3.64 avg rating — 36 ratings
          
        
                  
              Vote For This Book
              
                
  
  
    Swiftwater
    
    by
    Paul Annixter
  
  
        1 of 5 stars2 of 5 stars3 of 5 stars4 of 5 stars5 of 5 stars
        
  Added to my books!
    
      add my review
        
  
              
            
                
                  added to your list ()
                    remove
                  
                
                  
              score: 186,
              and
              2 people voted Want to Read
saving…
Error rating book. Refresh and try again.
Rate this book
Clear rating
1 of 5 stars2 of 5 stars3 of 5 stars4 of 5 stars5 of 5 stars",,Swiftwater,13389119
"77  Snow-White and the Seven Dwarfs: A Tale from the Brothers Grimm
      
        by
Randall Jarrell (Translator)
        
        
          
                 4.09 avg rating — 1,211 ratings
          
        
                  
              Vote For This Book
              
                
  
  
    Snow-White and the Seven Dwarfs: A Tale from the Brothers Grimm
    
    by
    Randall Jarrell
  
  
        1 of 5 stars2 of 5 stars3 of 5 stars4 of 5 stars5 of 5 stars
        
  Added to my books!
    
      add my review
        
  
              
            
                
                  added to your list ()
                    remove
                  
                
                  
              score: 181,
              and
              2 people voted Want to Read
saving…
Error rating book. Refresh and try again.
Rate this book
Clear rating
1 of 5 stars2 of 5 stars3 of 5 stars4 of 5 stars5 of 5 stars",,Snow-White and the Seven Dwarfs: A Tale from the Brothers Grimm,117938
"78  God and My Country
      
        by
MacKinlay Kantor
        
        
          
                 3.72 avg rating — 36 ratings
          
        
                  
              Vote For This Book
              
                
  
  
    God and My Country
    
    by
    MacKinlay Kantor
  
  
        1 of 5 stars2 of 5 stars3 of 5 stars4 of 5 stars5 of 5 stars
        
  Added to my books!
    
      add my review
        
  
              
            
                
                  added to your list ()
                    remove
                  
                
                  
              score: 180,
              and
              2 people voted Want to Read
saving…
Error rating book. Refresh and try again.
Rate this book
Clear rating
1 of 5 stars2 of 5 stars3 of 5 stars4 of 5 stars5 of 5 stars",,God and My Country,3865815
"79  The Brave Little Toaster
      
        by
Thomas M. Disch
        
        
          
                 4.11 avg rating — 265 ratings
          
        
                  
              Vote For This Book
              
                
  
  
    The Brave Little Toaster
    
    by
    Thomas M. Disch
  
  
        1 of 5 stars2 of 5 stars3 of 5 stars4 of 5 stars5 of 5 stars
        
  Added to my books!
    
      add my review
        
  
              
            
                
                  added to your list ()
                    remove
                  
                
                  
              score: 173,
              and
              2 people voted Want to Read
saving…
Error rating book. Refresh and try again.
Rate this book
Clear rating
1 of 5 stars2 of 5 stars3 of 5 stars4 of 5 stars5 of 5 stars",,The Brave Little Toaster,938625
"80  The Family Band: From The Missouri to the Black Hills 1881-1900
      
        by
Laura Bower Van Nuys
        
        
          
                 3.80 avg rating — 5 ratings
          
        
                  
              Vote For This Book
              
                
  
  
    The Family Band: From The Missouri to the Black Hills 1881-1900
    
    by
    Laura Bower Van Nuys
  
  
        1 of 5 stars2 of 5 stars3 of 5 stars4 of 5 stars5 of 5 stars
        
  Added to my books!
    
      add my review
        
  
              
            
                
                  added to your list ()
                    remove
                  
                
                  
              score: 171,
              and
              2 people voted Want to Read
saving…
Error rating book. Refresh and try again.
Rate this book
Clear rating
1 of 5 stars2 of 5 stars3 of 5 stars4 of 5 stars5 of 5 stars",,The Family Band: From The Missouri to the Black Hills 1881-1900,15329454
"81  How My Private, Personal Journal Became a Bestseller
      
        by
Julia DeVillers (Goodreads Author)
        
        
          
                 3.62 avg rating — 1,097 ratings
          
        
                  
              Vote For This Book
              
                
  
  
    How My Private, Personal Journal Became a Bestseller
    
    by
    Julia DeVillers
  
  
        1 of 5 stars2 of 5 stars3 of 5 stars4 of 5 stars5 of 5 stars
        
  Added to my books!
    
      add my review
        
  
              
            
                
                  added to your list ()
                    remove
                  
                
                  
              score: 159,
              and
              2 people voted Want to Read
saving…
Error rating book. Refresh and try again.
Rate this book
Clear rating
1 of 5 stars2 of 5 stars3 of 5 stars4 of 5 stars5 of 5 stars",,"How My Private, Personal Journal Became a Bestseller",202216
"82  Children of the Covered Wagon
      
        by
Mary Jane Carr
        
        
          
                 3.89 avg rating — 70 ratings
          
        
                  
              Vote For This Book
              
                
  
  
    Children of the Covered Wagon
    
    by
    Mary Jane Carr
  
  
        1 of 5 stars2 of 5 stars3 of 5 stars4 of 5 stars5 of 5 stars
        
  Added to my books!
    
      add my review
        
  
              
            
                
                  added to your list ()
                    remove
                  
                
                  
              score: 147,
              and
              3 people voted Want to Read
saving…
Error rating book. Refresh and try again.
Rate this book
Clear rating
1 of 5 stars2 of 5 stars3 of 5 stars4 of 5 stars5 of 5 stars",,Children of the Covered Wagon,651192
"83  The Light in the Forest
      
        by
Conrad Richter
        
        
          
                 3.35 avg rating — 3,941 ratings
          
        
                  
              Vote For This Book
              
                
  
  
    The Light in the Forest
    
    by
    Conrad Richter
  
  
        1 of 5 stars2 of 5 stars3 of 5 stars4 of 5 stars5 of 5 stars
        
  Added to my books!
    
      add my review
        
  
              
            
                
                  added to your list ()
                    remove
                  
                
                  
              score: 143,
              and
              2 people voted Want to Read
saving…
Error rating book. Refresh and try again.
Rate this book
Clear rating
1 of 5 stars2 of 5 stars3 of 5 stars4 of 5 stars5 of 5 stars",,The Light in the Forest,769000
"84  Cinderella
      
        by
Loek Koopmans (Illustrator)
        
        
          
                 4.22 avg rating — 10,497 ratings
          
        
                  
              Vote For This Book
              
                
  
  
    Cinderella
    
    by
    Loek Koopmans
  
  
        1 of 5 stars2 of 5 stars3 of 5 stars4 of 5 stars5 of 5 stars
        
  Added to my books!
    
      add my review
        
  
              
            
                
                  added to your list ()
                    remove
                  
                
                  
              score: 137,
              and
              2 people voted Want to Read
saving…
Error rating book. Refresh and try again.
Rate this book
Clear rating
1 of 5 stars2 of 5 stars3 of 5 stars4 of 5 stars5 of 5 stars",,Cinderella,209631
"85  On Stranger Tides
      
        by
Tim Powers
        
        
          
                 3.85 avg rating — 6,847 ratings
          
        
                  
              Vote For This Book
              
                
  
  
    On Stranger Tides
    
    by
    Tim Powers
  
  
        1 of 5 stars2 of 5 stars3 of 5 stars4 of 5 stars5 of 5 stars
        
  Added to my books!
    
      add my review
        
  
              
            
                
                  added to your list ()
                    remove
                  
                
                  
              score: 135,
              and
              2 people voted Want to Read
saving…
Error rating book. Refresh and try again.
Rate this book
Clear rating
1 of 5 stars2 of 5 stars3 of 5 stars4 of 5 stars5 of 5 stars",,On Stranger Tides,15670
"86  The Lightning Thief (Percy Jackson and the Olympians, #1)
      
        by
Rick Riordan (Goodreads Author)
        
        
          
                 4.24 avg rating — 1,621,399 ratings
          
        
                  
              Vote For This Book
              
                
  
  
    The Lightning Thief
    
    by
    Rick Riordan
  
  
        1 of 5 stars2 of 5 stars3 of 5 stars4 of 5 stars5 of 5 stars
        
  Added to my books!
    
      add my review
        
  
              
            
                
                  added to your list ()
                    remove
                  
                
                  
              score: 130,
              and
              2 people voted Read
Thanks for rating.
Write a review
Edit my review
·
View shelf
Write a review
·
View shelf
Error rating book. Refresh and try again.
My rating:
Clear rating
1 of 5 stars2 of 5 stars[ 3 of 5 stars ]4 of 5 stars5 of 5 stars",,"The Lightning Thief (Percy Jackson and the Olympians, #1)",28187
"87  Who Censored Roger Rabbit? (Roger Rabbit, #1)
      
        by
Gary K. Wolf
        
        
          
                 3.70 avg rating — 1,857 ratings
          
        
                  
              Vote For This Book
              
                
  
  
    Who Censored Roger Rabbit?
    
    by
    Gary K. Wolf
  
  
        1 of 5 stars2 of 5 stars3 of 5 stars4 of 5 stars5 of 5 stars
        
  Added to my books!
    
      add my review
        
  
              
            
                
                  added to your list ()
                    remove
                  
                
                  
              score: 129,
              and
              2 people voted Want to Read
saving…
Error rating book. Refresh and try again.
Rate this book
Clear rating
1 of 5 stars2 of 5 stars3 of 5 stars4 of 5 stars5 of 5 stars",,"Who Censored Roger Rabbit? (Roger Rabbit, #1)",8305148
"88  By the Great Horn Spoon!
      
        by
Sid Fleischman
        
        
          
                 4.07 avg rating — 4,699 ratings
          
        
                  
              Vote For This Book
              
                
  
  
    By the Great Horn Spoon!
    
    by
    Sid Fleischman
  
  
        1 of 5 stars2 of 5 stars3 of 5 stars4 of 5 stars5 of 5 stars
        
  Added to my books!
    
      add my review
        
  
              
            
                
                  added to your list ()
                    remove
                  
                
                  
              score: 128,
              and
              3 people voted Want to Read
saving…
Error rating book. Refresh and try again.
Rate this book
Clear rating
1 of 5 stars2 of 5 stars3 of 5 stars4 of 5 stars5 of 5 stars",,By the Great Horn Spoon!,596246
"89  Blackbeard's Ghost
      
        by
Ben Stahl
        
        
          
                 3.29 avg rating — 59 ratings
          
        
                  
              Vote For This Book
              
                
  
  
    Blackbeard's Ghost
    
    by
    Ben Stahl
  
  
        1 of 5 stars2 of 5 stars3 of 5 stars4 of 5 stars5 of 5 stars
        
  Added to my books!
    
      add my review
        
  
              
            
                
                  added to your list ()
                    remove
                  
                
                  
              score: 126,
              and
              2 people voted Want to Read
saving…
Error rating book. Refresh and try again.
Rate this book
Clear rating
1 of 5 stars2 of 5 stars3 of 5 stars4 of 5 stars5 of 5 stars",,Blackbeard's Ghost,1267126
"90  Uncle Remus: His Songs and His Sayings
      
        by
Joel Chandler Harris
        
        
          
                 3.61 avg rating — 270 ratings
          
        
                  
              Vote For This Book
              
                
  
  
    Uncle Remus: His Songs and His Sayings
    
    by
    Joel Chandler Harris
  
  
        1 of 5 stars2 of 5 stars3 of 5 stars4 of 5 stars5 of 5 stars
        
  Added to my books!
    
      add my review
        
  
              
            
                
                  added to your list ()
                    remove
                  
                
                  
              score: 125,
              and
              2 people voted Want to Read
saving…
Error rating book. Refresh and try again.
Rate this book
Clear rating
1 of 5 stars2 of 5 stars3 of 5 stars4 of 5 stars5 of 5 stars",,Uncle Remus: His Songs and His Sayings,223633
"91  Davy Crockett: His Own Story
      
        by
David Crockett
        
        
          
                 3.58 avg rating — 421 ratings
          
        
                  
              Vote For This Book
              
                
  
  
    Davy Crockett: His Own Story
    
    by
    David Crockett
  
  
        1 of 5 stars2 of 5 stars3 of 5 stars4 of 5 stars5 of 5 stars
        
  Added to my books!
    
      add my review
        
  
              
            
                
                  added to your list ()
                    remove
                  
                
                  
              score: 123,
              and
              3 people voted Want to Read
saving…
Error rating book. Refresh and try again.
Rate this book
Clear rating
1 of 5 stars2 of 5 stars3 of 5 stars4 of 5 stars5 of 5 stars",,Davy Crockett: His Own Story,1762380
"92  The Wind in the Willows
      
        by
Kenneth Grahame
        
        
          
                 3.98 avg rating — 155,658 ratings
          
        
                  
              Vote For This Book
              
                
  
  
    The Wind in the Willows
    
    by
    Kenneth Grahame
  
  
        1 of 5 stars2 of 5 stars3 of 5 stars4 of 5 stars5 of 5 stars
        
  Added to my books!
    
      add my review
        
  
              
            
                
                  added to your list ()
                    remove
                  
                
                  
              score: 120,
              and
              2 people voted Want to Read
saving…
Error rating book. Refresh and try again.
Rate this book
Clear rating
1 of 5 stars2 of 5 stars3 of 5 stars4 of 5 stars5 of 5 stars",,The Wind in the Willows,5659
"93  Hurry Home, Candy
      
        by
Meindert DeJong
        
        
          
                 3.94 avg rating — 592 ratings
          
        
                  
              Vote For This Book
              
                
  
  
    Hurry Home, Candy
    
    by
    Meindert DeJong
  
  
        1 of 5 stars2 of 5 stars3 of 5 stars4 of 5 stars5 of 5 stars
        
  Added to my books!
    
      add my review
        
  
              
            
                
                  added to your list ()
                    remove
                  
                
                  
              score: 116,
              and
              2 people voted Want to Read
saving…
Error rating book. Refresh and try again.
Rate this book
Clear rating
1 of 5 stars2 of 5 stars3 of 5 stars4 of 5 stars5 of 5 stars",,"Hurry Home, Candy",1377515
"94  Tales of the Greek Heroes
      
        by
Roger Lancelyn Green
        
        
          
                 3.93 avg rating — 2,256 ratings
          
        
                  
              Vote For This Book
              
                
  
  
    Tales of the Greek Heroes
    
    by
    Roger Lancelyn Green
  
  
        1 of 5 stars2 of 5 stars3 of 5 stars4 of 5 stars5 of 5 stars
        
  Added to my books!
    
      add my review
        
  
              
            
                
                  added to your list ()
                    remove
                  
                
                  
              score: 114,
              and
              2 people voted Want to Read
saving…
Error rating book. Refresh and try again.
Rate this book
Clear rating
1 of 5 stars2 of 5 stars3 of 5 stars4 of 5 stars5 of 5 stars",,Tales of the Greek Heroes,4224458
"95  Big Hero 6, Vol. 1
      
        by
Haruki Ueno
        
        
          
                 4.08 avg rating — 724 ratings
          
        
                  
              Vote For This Book
              
                
  
  
    Big Hero 6, Vol. 1
    
    by
    Haruki Ueno
  
  
        1 of 5 stars2 of 5 stars3 of 5 stars4 of 5 stars5 of 5 stars
        
  Added to my books!
    
      add my review
        
  
              
            
                
                  added to your list ()
                    remove
                  
                
                  
              score: 112,
              and
              2 people voted Want to Read
saving…
Error rating book. Refresh and try again.
Rate this book
Clear rating
1 of 5 stars2 of 5 stars3 of 5 stars4 of 5 stars5 of 5 stars",,"Big Hero 6, Vol. 1",23904736
"96  The Merry Adventures of Robin Hood
      
        by
Howard Pyle
        
        
          
                 4.06 avg rating — 55,114 ratings
          
        
                  
              Vote For This Book
              
                
  
  
    The Merry Adventures of Robin Hood
    
    by
    Howard Pyle
  
  
        1 of 5 stars2 of 5 stars3 of 5 stars4 of 5 stars5 of 5 stars
        
  Added to my books!
    
      add my review
        
  
              
            
                
                  added to your list ()
                    remove
                  
                
                  
              score: 109,
              and
              2 people voted Want to Read
saving…
Error rating book. Refresh and try again.
Rate this book
Clear rating
1 of 5 stars2 of 5 stars3 of 5 stars4 of 5 stars5 of 5 stars",,The Merry Adventures of Robin Hood,93007
"97  The Complete Fairy Tales
      
        by
Hans Christian Andersen
        
        
          
                 4.29 avg rating — 98,765 ratings
          
        
                  
              Vote For This Book
              
                
  
  
    The Complete Fairy Tales
    
    by
    Hans Christian Andersen
  
  
        1 of 5 stars2 of 5 stars3 of 5 stars4 of 5 stars5 of 5 stars
        
  Added to my books!
    
      add my review
        
  
              
            
                
                  added to your list ()
                    remove
                  
                
                  
              score: 103,
              and
              2 people voted Want to Read
saving…
Error rating book. Refresh and try again.
Rate this book
Clear rating
1 of 5 stars2 of 5 stars3 of 5 stars4 of 5 stars5 of 5 stars",,The Complete Fairy Tales,46306
"98  Dr. Syn
      
        by
Russell Thorndike
        
        
          
                 3.70 avg rating — 235 ratings
          
        
                  
              Vote For This Book
              
                
  
  
    Dr. Syn
    
    by
    Russell Thorndike
  
  
        1 of 5 stars2 of 5 stars3 of 5 stars4 of 5 stars5 of 5 stars
        
  Added to my books!
    
      add my review
        
  
              
            
                
                  added to your list ()
                    remove
                  
                
                  
              score: 100,
              and
              1 person voted Want to Read
saving…
Error rating book. Refresh and try again.
Rate this book
Clear rating
1 of 5 stars2 of 5 stars3 of 5 stars4 of 5 stars5 of 5 stars",,Dr. Syn,9600896
"99  A Princess of Mars (Barsoom, #1)
      
        by
Edgar Rice Burroughs
        
        
          
                 3.80 avg rating — 45,831 ratings
          
        
                  
              Vote For This Book
              
                
  
  
    A Princess of Mars
    
    by
    Edgar Rice Burroughs
  
  
        1 of 5 stars2 of 5 stars3 of 5 stars4 of 5 stars5 of 5 stars
        
  Added to my books!
    
      add my review
        
  
              
            
                
                  added to your list ()
                    remove
                  
                
                  
              score: 99,
              and
              1 person voted Want to Read
saving…
Error rating book. Refresh and try again.
Rate this book
Clear rating
1 of 5 stars2 of 5 stars3 of 5 stars4 of 5 stars5 of 5 stars",,"A Princess of Mars (Barsoom, #1)",40395
"100  Confessions of a Teenage Drama Queen (Confessions of a Teenage Drama Queen, #1)
      
        by
Dyan Sheldon
        
        
          
                 3.33 avg rating — 3,740 ratings
          
        
                  
              Vote For This Book
              
                
  
  
    Confessions of a Teenage Drama Queen
    
    by
    Dyan Sheldon
  
  
        1 of 5 stars2 of 5 stars3 of 5 stars4 of 5 stars5 of 5 stars
        
  Added to my books!
    
      add my review
        
  
              
            
                
                  added to your list ()
                    remove
                  
                
                  
              score: 97,
              and
              1 person voted Want to Read
saving…
Error rating book. Refresh and try again.
Rate this book
Clear rating
1 of 5 stars2 of 5 stars3 of 5 stars4 of 5 stars5 of 5 stars",,"Confessions of a Teenage Drama Queen (Confessions of a Teenage Drama Queen, #1)",46260