Book,Film
"The Da Vinci Code (2003), Dan Brown",The Da Vinci Code (2006)
"Dad (1981), William Wharton",Dad (1989)
"Damage (1991), Josephine Hart",Damage (1992)
"Damnation Alley (1967), Roger Zelazny",Damnation Alley (1977)
"The Damned Utd (2006), David Peace",The Damned United (2009)
"The Dancer Upstairs (1995), Nicholas Shakespeare",The Dancer Upstairs (2002)
"Dances with Wolves (1986), Michael Blake",Dances with Wolves (1990)
"A Dandy in Aspic (1966), Derek Marlowe",A Dandy in Aspic (1968)
"The Dangerous Lives of Altar Boys (2001), Chris Fuhrman",The Dangerous Lives of Altar Boys (2002)
"Daniel Deronda (1876), George Eliot",Daniel Deronda (1921)Daniel Deronda (1970)Daniel Deronda (2002) (TV) (serial)
"Danny, the Champion of the World (1975), Roald Dahl","Danny, the Champion of the World (1989) (TV)"
"Darby O'Gill and the Good People (1903), Herminie Templeton Kavanagh* Ashes of Old Wishes and Other Darby O'Gill Tales (1926), Herminie Templeton Kavanagh",Darby O'Gill and the Little People (1959)
"The Dark Fields (2001), Alan Glynn",Limitless (2011)
"The Dark Is Rising Sequence (1965–1977) (series), Susan Cooper",The Seeker: The Dark is Rising (2007)
"The Dark of the Sun (1965), Wilbur Smith",Dark of the Sun (1968)
"Dark Passage (1946), David Goodis",Dark Passage (1947)
"David Copperfield (1849-1850) (serial) (1850) (novel), Charles Dickens",David Copperfield (1911)David Copperfield (1913)David Copperfield (1922)David Copperfield (1935)David Copperfield (1956-1966) (TV) (serial)David Copperfield (1966) (TV) (serial)David Copperfield (1969)David Copperfield (1974) (TV) (serial)David Copperfield (1986) (TV) (serial)David Copperfield (1993) (TV)David Copperfield (1999) (TV)David Copperfield (2000) (TV)
"The Day of the Jackal (1971), Frederick Forsyth",The Day of the Jackal (1973)August 1 (1988)The Jackal (1997)
"The Day of the Locust (1939), Nathanael West",The Day of the Locust (1975)
"The Day of the Triffids (1951), John Wyndham",The Day of the Triffids (1962)The Day of the Triffids (2013)
"The Dark Tower (1998–2012) (series), Stephen King",The Dark Tower (2017)
"The Day the World Ended (1977), Gordon Thomas and Max Morgan-Witts",When Time Ran Out (1980)
"The Day They Robbed the Bank of England (1959), John Brophy",The Day They Robbed the Bank of England (1960)
"The Daybreakers (1960), Louis L'Amour* Sackett (1961), Louis L'Amour",The Sacketts (1979) (TV)
"Dead Calm (1963), Charles F. Williams",Dead Calm (1999)
"The Dead Take No Bows (1941),  Richard Bruke",Dressed to Kill (1941)
"The Dead Zone (1979), Stephen King",The Dead Zone (1983)
"Deadline at Dawn (1944), Cornell Woolrich (as William Irish)",Deadline at Dawn (1946)
"The Deadly Duo (1959), Richard Jessup",The Deadly Duo (1962)
"Deadly, Unna? (1998), Phillip Gwynne",Australian Rules (2002)
"Dealing: or the Berkeley-to-Boston Forty-Brick Lost-Bag Blues (1970), Michael Crichton and Douglas Crichton (as Michael Douglas)",Dealing (1972)
"Dear John (2006), Nicholas Sparks",Dear John (2010)
"Death of a Common Man (1946), Desmond Holdridge",The End of the River (1947)
"Death on the Nile (1937), Agatha Christie",Death on the Nile (1978)Death on the Nile (2004)
"Death Sentence (1975), Brian Garfield",Death Sentence (2007)
"Death Wish (1972), Brian Garfield",Death Wish (1974)
"The Deceivers (1952), John Masters",The Deceivers (1988)
"December Boys (1963), Michael Noonan",December Boys (2007)
"The Deep (1976), Peter Benchley",The Deep (1977)
"The Deep End of the Ocean (1996), Jacquelyn Mitchard",The Deep End of the Ocean (1999)
"Deliverance (1970), James Dickey",Deliverance (1972)
"Deluge (1928), S. Fowler Wright",Deluge (1933)
"The Deluge (1886), Henryk Sienkiewicz",The Deluge (1974)
"Demon Seed (1973), Dean Koontz",Demon Seed (1977)
"D'entre les morts (1954) (The Living and the Dead (U.S. edition only, 1956)), Pierre Boileau and Thomas Narcejac",Vertigo (1958)
"Derailed (2003), James Siegel",Derailed (2005)
"Desert Fury (1946), Ramona Stewart",Desert Fury (1947)
"Desert Gold (1913), Zane Grey",Desert Gold (1919)Desert Gold (1926)Desert Gold (1936)
"Desert Guns (1957), Steve Frazee",Gold of the Seven Saints (1961)
"Desert of the Heart (1964), Jane Rule",Desert Hearts (1985)
"The Desperate Hours (1954), Joseph Hayes",The Desperate Hours (1955)Desperate Hours (1990)36 Ghante (1974)
"Destry Rides Again (1930), Max Brand",Destry Rides Again (1939)
"The Detective (1966), Roderick Thorp",The Detective (1968)
"Detective (1997), Arthur Hailey",Detective (2005) (TV)
"The Devil Rides Out (1934), Dennis Wheatley",The Devil Rides Out (1967)
"The Devil Wears Prada (2003), Lauren Weisberger",The Devil Wears Prada (2006)
"The Devil's Advocate (1954), Morris West",Des Teufels Advokat (1977)
"The Devil's Advocate (1990), Andrew Neiderman",The Devil's Advocate (1997)
"The Devil's Own (1966), Norah Lofts",The Witches (1966)
"The Devils (a.k.a. Demons, or The Possessed) (1872), Fyodor Dostoyevsky",The Possessed (1969) (TV) (mini)La femme publique (1984)
"The Devils of Loudun (1952), Aldous Huxley (novel)* The Devils (1960), John Whiting (play)** The Devils of Loudun (Die Teufel von Loudun) (1969) (opera)",The Devils (1971)
"Le Diable au corps (The Devil in the Flesh) (1923), Raymond Radiguet",Devil in the Flesh (1947)Devil in the Flesh (1986)Devil in the Flesh (1998)
"The Diamond Hunters (1971), Wilbur Smith",The Kingfisher Caper (1975)
"Diamonds Are Forever (1956), Ian Fleming",Diamonds Are Forever (1971)
"The Dice of God (1962), Hoffman Birney",The Glory Guys (1965)
"The Dirty Dozen (1965), E. M. Nathanson",The Dirty Dozen (1967)
"Dirty Weekend (1991), Helen Zahavi",Dirty Weekend (1993)
"Disappearing Acts (1989), Terry McMillan",Disappearing Acts (2000)
"Disclosure (1994), Michael Crichton",Disclosure (1994)
"The Disorientated Man (1967), Peter Saxon",Scream and Scream Again (1970)
"Il disprezzo (1954), Alberto Moravia",Contempt (1963)
"A Distant Trumpet (1951), Paul Horgan",A Distant Trumpet (1964)
"Divine Secrets of the Ya-Ya Sisterhood (1996), Rebecca Wells",Divine Secrets of the Ya-Ya Sisterhood (2002)
"Le Divorce (1997), Diane Johnson",Le Divorce (2003)
"Do Androids Dream of Electric Sheep? (1967), Philip K. Dick",Blade Runner (1982)
"Doctor in the House (1952), Richard Gordon",Doctor in the House (1954)
"Doctor Slaughter (1984), Paul Theroux",Half Moon Street (1986)
"Doctor Zhivago (1957), Boris Pasternak",Doctor Zhivago (1965)Doctor Zhivago (2002) (TV) (serial)
"Dodsworth (1929), Sinclair Lewis",Dodsworth (1936)
"The Dogs of War (1974), Frederick Forsyth",The Dogs of War (1981)
"Dog Soldiers (1974), Robert Stone",Who'll Stop the Rain (1978)
"Don Quixote (The Ingenious Gentleman Don Quixote of La Mancha) (1605-1615), Miguel de Cervantes","Adventures of the Ingenious Hidalgo Don Quixote (1903)Don Quijote (1908)Don Quichotte (1908)Don Quixote (1915)Don Quixote (1923)Don Quixote (1927)Don Quixote (1933 film) (1933)Don Quichotte (1933/I)Don Quichotte (1933/II) Don Quixote (1934)Don Quixote de la Mancha (1947)Don Quixote (1955–1969, unfinished)Don Quixote (1957)Don Quixote's Children (1965)Don Chisciotte e Sancho Panza (1969)Man of La Mancha (1972)The Adventures of Don Quixote (1973) (TV)The Amorous Adventures of Don Quixote and Sancho Panza (1976)Don Chisciotte (1983) (TV)Don Quixote of La Mancha (1987)Don Quijote de Orson Welles (1992)Don Quixote (2000) (TV)Don Quixote, Knight Errant (2002)Don Quixote (2010)The Man Who Killed Don Quixote (TBA 2014)"
"Donovan's Brain (1942), Curt Siodmak",The Lady and the Monster (1944)Donovan's Brain (1953)The Brain (1962)
"Don't Look and It Won't Hurt (1971), Richard Peck",Gas Food Lodging (1992)
"Don't Say a Word (1991), Andrew Klavan",Don't Say a Word (2001)
"The Dork of Cork (1993), Chet Raymo",Frankie Starlight (1995)
"Double Indemnity (1936) (serial), (1943) (novel), James M. Cain",Double Indemnity (1944)
"The Double Take (1946), Roy Huggins",I Love Trouble (1948)
"Down Will Come Baby (1993), Gloria Murphy",Down Will Come Baby (1999)
"Dracula (1897), Bram Stoker","For a list of film adaptations, see the Dracula disambiguation article"
"The Dragon and the George (1976), Gordon R. Dickson",The Flight of Dragons (1982) (TV)
"Dragon Seed (1942), Pearl S. Buck",Dragon Seed (1944)
"Dragons of Autumn Twilight (1984), Margaret Weis and Tracy Hickman",Dragonlance: Dragons of Autumn Twilight (2008)
"Dream Days (1898), Kenneth Grahame",The Reluctant Dragon (1941)
"The Dream Master (1966), Roger Zelazny",Dreamscape (1984)
"Dreamcatcher (2001), Stephen King",Dreamcatcher (2003)
"The Drift Fence (1933), Zane Grey",Drift Fence (1936)
"Dr. No (1958), Ian Fleming",Dr. No (1962)
"Drood (2009), Dan Simmons",Drood (TBA 2014)
"The Drowning Pool (1950), Ross Macdonald",The Drowning Pool (1975)
"Drums Along the Mohawk (1936), Walter D. Edmonds",Drums Along the Mohawk (1939)
"The Drums of Jeopardy (1920), Harold MacGrath",The Drums of Jeopardy (1923)The Drums of Jeopardy (1931)
"The Dude Ranger (1951), Zane Grey",The Dude Ranger (1954)
"Duel in the Sun (1941), Niven Busch",Duel in the Sun (1946)
"Dune (1965), Frank Herbert","Dune (1984)Frank Herbert's Dune (2000) (TV) (mini)* Frank Herbert's Children of Dune (2003) (TV) (mini)Dune (future, TBA)"
"The Dying Animal (2001), Philip Roth",Elegy (2008)
"Dying Young (1990), Marti Leimbach",Dying Young (1991)
"The Eagle Has Landed (1975), Jack Higgins",The Eagle Has Landed (1976)
"The Eagle of the Ninth (1954), Rosemary Sutcliff",The Eagle (2011)
"East of Eden (1952), John Steinbeck",East of Eden (1955)
"Eaters of the Dead (1976), Michael Crichton",The 13th Warrior (1999)
"Eddie and the Cruisers (1980), P. F. Kluge",Eddie and the Cruisers (1983)
"The Egyptian (Sinuhe the Egyptian) (1945), Mika Waltari",The Egyptian (1954)
"The Egyptian Series (1993-2007), Wilbur SmithRiver God (1993)* The Seventh Scroll (1995)",The Seventh Scroll (1999) (TV) (mini)
"Election (1998), Tom Perrotta",Election (1999)
"Elephant Walk (1948), Digby George Gerahty (as Robert Standish)",Elephant Walk (1954)
"Elles n'oublient jamais (1993), Christopher Frank",Elles n'oublient jamais (1994)
"Ellis Island (1983), Fred Mustard Stewart",Ellis Island (1984) (TV) (mini)
"Elmer Gantry (1927), Sinclair Lewis",Elmer Gantry (1960)
"Elsk meg i morgen (Love Me Tomorrow) (1999), Ingvar Ambjørnsen",Elsk meg i morgen (2005)
"Emma (1815), Jane Austen",Emma (1972) (TV) (mini)Clueless (1995)Emma (1996)Emma (1996) (TV) (mini)Emma (2009) (TV) (serial)Aisha (2009)
"Emil and the Detectives (1929), Erich Kästner",Emil and the Detectives (1931)Emil and the Detectives (1935)Emil and the Detectives (1954)Emil and the Detectives (1964)Emil and the Detectives (2001)
"Emotional Arithmetic (1990), Matt Cohen",Emotional Arithmetic (2008)
"Empire of the Sun (1984), J. G. Ballard",Empire of the Sun (1987)
"The Enchanted April (1922), Elizabeth von Arnim",Enchanted April (1935)Enchanted April (1992)
"The Enchanted Voyage (1936), Robert Nathan",Wake Up and Dream (1946)
"The End of the Affair (1951), Graham Greene",The End of the Affair (1955)The End of the Affair (1999)
"Endless Love (1979), Scott Spencer",Endless Love (1981)
"Enduring Love (1997), Ian McEwan",Enduring Love (2004)
"Los Enemigos de la Mujer (1922), Vicente Blasco Ibáñez",Enemies of Women (1923)
"The Enemy Below (1956), D. A. Rayner (Denys Rayner)",The Enemy Below (1957)
"Enemy Mine (1979), Barry B. Longyear",Enemy Mine (1985)
"The English Patient (1992), Michael Ondaatje",The English Patient (1996)
"Enigma (1995), Robert Harris",Enigma (2001)
"The Entity (1978), Frank De Felitta",The Entity (1981)
"Eragon (2003), Christopher Paolini",Eragon (2006)
"Escape (1939), Grace Zaring Stone",Escape (1940)
"Escape to Witch Mountain (1968), Alexander Key",Escape to Witch Mountain (1975)* Return from Witch Mountain (1978)** Beyond Witch Mountain (1982) (TV)Escape to Witch Mountain (1995)** * Race to Witch Mountain (2009)
"L'étoile du nord (The North Star) (1854), Georges Simenon",L'Etoile du nord (1982)
"The Evening Star (1992), Larry McMurtry",The Evening Star (1996)
"Everybody's All-American (1981), Frank Deford",Everybody's All-American (1988)
"Everything Is Illuminated (2002), Jonathan Safran Foer",Everything Is Illuminated (2005)
"Evil Come, Evil Go (1961), Whit Masterson",The Yellow Canary (1963)
"Evil Under the Sun (1981), Agatha Christie",Evil Under the Sun (1982)Evil Under the Sun (2001) (TV)
"The Executioners (1957), John D. MacDonald",Cape Fear (1962)Cape Fear (1991)
"Executive Suite (1952), Cameron Hawley",Executive Suite (1954)
"Exit to Eden (1984), Anne Rice (as Anne Rampling)",Exit To Eden (1994)
"Exit Wounds (1990), John Westermann",Exit Wounds (2001)
"Exodus (1958), Leon Uris",Exodus (1960)
"The Exorcist (1971), William Peter Blatty",The Exorcist (1973)* Exorcist II: The Heretic (1977)** The Exorcist III (1990)** * Exorcist: The Beginning (2004)** ** Dominion: Prequel to the Exorcist (2005)
"Experiment Perilous (1943), Margaret Carpenter",Experiment Perilous (1944)
"Extension du domaine de la lutte (Broadening the Trial of the Struggle, a.k.a. Whatever) (1994), Michel Houellebecq",Extension du domaine de la lutte (1999)
"Extremely Loud and Incredibly Close (2005), Jonathan Safran Foer",Extremely Loud and Incredibly Close (2012)
"The Eye of the Beholder (1980), Marc Behm",Deadly Circuit (Mortelle randonnée) (1983)Eye of the Beholder (1999)
"Eye of the Needle (a.k.a. Storm Island) (1978), Ken Follett",Eye of the Needle (1981)Fanaa (2006)
"Fahrenheit 451 (1953), Ray Bradbury",Fahrenheit 451 (1966)Fahrenheit 451 (TBA 2012)
"Fail-Safe (1962), Eugene Burdick and Harvey Wheeler",Fail-Safe (1964)Fail-Safe (2000) (TV)
"The Fair Bride (1953), Bruce Marshall",The Angel Wore Red (1960)
"The Fall of a Nation (1916), Thomas Dixon, Jr.",The Fall of a Nation (1916)
"Falling Angel (1978), William Hjortsberg",Angel Heart (1987)
"False Witness (1981), Dorothy Uhnak",False Witness (1989)
"The Family Band: From the Missouri to the Black Hills (1962), Laura Bower Van Nuys","The One and Only, Genuine, Original Family Band (1968)"
"Family Business (1985), Vincent Patrick",Family Business (1989)
"The Fan (1995), Peter Abrahams",The Fan (1996)
"The Fan (1978), Bob Randall",The Fan (1981)
"Fantastic Mr Fox (1970), Roald Dahl",Fantastic Mr. Fox (2009)
"Far from the Madding Crowd (1874), Thomas Hardy",Far from the Madding Crowd (1915)Far from the Madding Crowd (1967)Far from the Madding Crowd (1998)Far from the Madding Crowd (2012)
"Farewell My Concubine (1991), Lilian Lee",Farewell My Concubine (1993)
"A Farewell to Arms (1929), Ernest Hemingway",A Farewell to Arms (1932)A Farewell to Arms (1957)In Love and War (1996)
Farewell to the King (L'Adieu au Roi) (1969) Pierre Schoendoerffer,Farewell to the King (1989)
"Fate Is the Hunter (1961), Ernest K. Gann",Face Is the Hunter (1964)
Father Malachy's Miracle (1931),Das Wunder des Malachias (1961)
"Father of Frankenstein (1995),[1] Christopher Bram",Gods and Monsters (1998)
"Father of the Bride (1949), Edward Streeter",Father of the Bride (1950)* Father's Little Dividend (1951)Father of the Bride (1991)* Father of the Bride Part II (1995)
"Father Sky (1979), Devery Freeman",Taps (1981)
"Fear and Loathing in Las Vegas (1971), Hunter S. Thompson",Fear and Loathing in Las Vegas (1998)
"The Feather Men (1991), Sir Ranulph Fiennes",Killer Elite (2011)
"The Fellowship of the Ring (1953), J. R. R. Tolkien",J. R. R. Tolkien's The Lord of the Rings (1978)The Lord of the Rings: The Fellowship of the Ring (2001)
"Felidae (1989), Akif Pirinçci",Felidae (1994)
"La Femme et le pantin (The Woman and the Puppet) (1898), Pierre Louÿs",La Femme et le Pantin (1928)The Devil Is a Woman (1935)La Femme et le Pantin (1959)That Obscure Object of Desire (1977)
"Femmes de personnes (1983), Christopher Frank",Femmes de personne (1984)
"Le Feu Follet (Will O' the Wisp a. k. a. The Fire Within) (1931), Pierre Drieu La Rochelle","The Fire Within (Le feu follet) (1963)Oslo, August 31st (Oslo, 31. august) (2011)"
"Fever Pitch (1992), Nick Hornby",Fever Pitch (1997)Fever Pitch (2005)
"Fiddler's Green (1950), Ernest K. Gann",The Raging Tide (1951)
"Fight Club (1996), Chuck Palahniuk",Fight Club (1999)
"Fighting Caravans (1929), Zane Grey",Fighting Caravans (1931)Wagon Wheels (1934)
"The Final Programme (1968), Michael Moorcock",The Final Programme (1973)
"Fire on the Mountain (1962), Edward Abbey",Fire on the Mountain (1981) (TV)
"Firefox (1977), Craig Thomas",Firefox (1982)
"Firestarter (1980), Stephen King",Firestarter (1984)* Firestarter: Rekindled (2002)
"The Firm (1991), John Grisham",The Firm (1993)
"First Blood (1972), David Morrell",Rambo (1982–2008) (series)First Blood (1982)* Rambo: First Blood Part II (1985)** Rambo III (1988)** * Rambo (2008)
"First Love, Last Rites (1975), Ian McEwan","Schmetterlinge (1988)First Love, Last Rites (1997)Solid Geometry (2002) (short film)Butterflies (2005)"
"The First Men in the Moon (1901), H. G. Wells",A Trip to the Moon (1902)The First Men in the Moon (1919)First Men in the Moon (1964)The First Men in the Moon (2010) (TV)The First Men in the Moon 3D (2012)
"The First Wives Club (1992), Olivia Goldsmith",The First Wives Club (1996)
"The Five People You Meet in Heaven (2003), Mitch Albom",The Five People You Meet in Heaven (2004)
"The Fixer (1966), Bernard Malamud",The Fixer (1968)
"Flaming Youth (1921), Samuel Hopkins Adams",Flaming Youth (1923)
"Flashpoint (1976), George LaFountaine",Flashpoint (1984)
"Fletch (1974), Gregory Mcdonald",Fletch (1985)* Fletch Lives (1989)
"Fletch Won (1985), Gregory Mcdonald",Fletch Won (2013)
"Flight of the Intruder (1986), Stephen Coonts",Flight of the Intruder (1991)
"The Flight of the Phoenix (1964), Elleston Trevor",The Flight of the Phoenix (1965)Flight of the Phoenix (2004)
"Flowers in the Attic (1979), V.C. Andrews",Flowers in the Attic (1987)
"Flowing Gold (1922), Rex Beach",Flowing Gold (1940)
"Focus (1945), Arthur Miller",Focus (2002)
"The Food of the Gods and How It Came to Earth (1904), H. G. Wells",Village of the Giants (1965)The Food of the Gods (1976)* Food of the Gods II (1989)
"The Fool of the Family (1930), Margaret Kennedy",Escape Me Never (1935)Escape Me Never (1947)
"Fools' Gold (1958), Dolores Hitchens",Bande à part (Band of Outsiders) (1964)
"For Love of the Game (1991), Michael Shaara",For Love of the Game (1999)
"For Whom the Bell Tolls (1940), Ernest Hemingway",For Whom the Bell Tolls (1943)For Whom the Bell Tolls (1956) (TV)For Whom the Bell Tolls (1966) (TV)
"The Forbidden Territory (1933), Dennis Wheatley",Forbidden Territory (1934)
"Force 10 From Navarone (1968), Alistair MacLean",Force 10 from Navarone (1978)
"Forever Amber (1944), Kathleen Winsor",Forever Amber (1947)
"The Forever War (1974), Joe Haldeman",The Forever War (TBA 2014)
"Forlorn River (1927), Zane Grey",Forlorn River (1937)
"The Formula (1979), Steve Shagan",The Formula (1980)
"Forrest Gump (1986), Winston Groom",Forrest Gump (1994)
"The Forsyte Saga (1906–1922) (series), John Galsworthy",That Forsyte Woman (1949)The Forsyte Saga (2002) (TV) (mini)
"The Fountainhead (1943), Ayn Rand",The Fountainhead (1949)
"The Four Feathers (1902), A. E. W. Mason",Four Feathers (1915)The Four Feathers (1921)The Four Feathers (1929)The Four Feathers (1939)Storm Over the Nile (1955)The Four Feathers (1978)The Four Feathers (2002)
"The Fourth Protocol (1984), Frederick Forsyth",The Fourth Protocol (1987)
"The Fox and the Hound (1967), Daniel Pratt Mannix IV",The Fox and the Hound (1981)* The Fox and the Hound 2 (2006)
"F.P.1 Doesn't Answer (a.k.a. F.P.1, or F.P.1 Doesn't Respond) (1933), Curt Siodmak",F.P.1 antwortet nicht (1932)F.P.1 Doesn't Respond (1933)F.P.1 ne repond pas (1933)
"Frank Merriwell (1896-1940s) (series), Gilbert Patten",The Adventures of Frank Merriwell (1936) (serial)
"Frankenstein (1818), Mary Shelley",Frankenstein (1910)Life Without Soul (1915)Universal seriesFrankenstein (1931)* Bride of Frankenstein (1935)** Son of Frankenstein (1939)** * The Ghost of Frankenstein (1942)** ** Frankenstein Meets the Wolf Man (1943)** ** * House of Frankenstein  (1944)** ** ** House of Dracula (1945)** ** ** * Abbott and Costello Meet Frankenstein (1948)Hammer seriesThe Curse of Frankenstein (1957)* The Revenge of Frankenstein (1958)** The Evil of Frankenstein (1964)** * Frankenstein Created Woman (1967)** ** Frankenstein Must Be Destroyed (1969)** ** * The Horror of Frankenstein (1970)** ** ** Frankenstein and the Monster from Hell (1974)Frankenstein 1970 (1958)Toho seriesFrankenstein Conquers the World (1965)* The War of the Gargantuas (1966)Dracula vs. Frankenstein (1971)Andy Warhol's Frankenstein (1973)Frankenstein: The True Story (1973)Blackenstein (1973)Young Frankenstein (1974)The Bride (1985)Frankenstein Unbound (1990)Frankenstein (1994)Monster Mash (1995)House of Frankenstein 1997 (1997) (TV) (mini)Van Helsing (2004)Frankenstein (2004)Frankenstein (2004) (TV) (mini)Frankenstein (2007)
"Die Frau im Mond (The Woman in the Moon) (1928), Thea von Harbou",Frau im Mond (Woman in the Moon) (1929)
"Freaky Friday (1972), Mary Rodgers",Freaky Friday (1976)* A Billion for Boris (1984) (TV)** Summer Switch (1984) (TV)Freaky Friday (1995)Freaky Friday (2003)* Freaky Monday (2013)
"Freedomland (1998), Richard Price",Freedomland (2006)
"The French Lieutenant's Woman (1969), John Fowles",The French Lieutenant's Woman (1981)
"Fried Green Tomatoes at the Whistle Stop Cafe (1987), Fannie Flagg",Fried Green Tomatoes (1991)
"Friend (1985), Diana Henstell",Deadly Friend (1986)
"The Friendly Persuasion (1945), Jessamyn West* Except for Me and Thee (1955), Jessamyn West",Friendly Persuasion (1956)Friendly Persuasion (1975)
"From Here to Eternity (1951), James Jones",From Here to Eternity (1953)
"From Russia, with Love (1957), Ian Fleming",From Russia with Love (1963)
"From the Earth to the Moon (From the Earth to the Moon) (1865), Jules Verne",A Trip to the Moon (1902)From the Earth to the Moon (1958)The Fabulous Baron Munchausen (1961)Jules Verne's Rocket to the Moon (1967)From the Earth to the Moon (1979) (TV)
"From the Terrace (1958), John O'Hara",From the Terrace (1960)
Funeral in Berlin (1964) Len Deighton,Funeral in Berlin (1966)
"Funny Farm (1985), Jay Cronley",Funny Farm (1988)
"The Furies (1945), Niven Busch",The Furies (1950)
"The Fury (1976), John Farris",The Fury (1978)
"The Fuzzy Pink Nightgown (1956), Sylvia Tate",The Fuzzy Pink Nightgown (1957)
"Game no na wa Yuukai (a.k.a. Geimu no na wa Yuukai (The Name of the Game is Kidnapping)) (2002), Keigo Higashino",G@me (2003)
"The Game of X (1965), Robert Sheckley",Condorman (1981)
"Garden of Allah (1904), Robert Smythe Hichens",The Garden of Allah (1916)The Garden of Allah (1927)The Garden of Allah (1936)
"The Garden of God (1923), Henry De Vere Stacpoole",Return to the Blue Lagoon (1991)
"Gardens of Stone (1983), Nicholas Proffitt",Gardens of Stone (1987)
"The Gay Sisters (1942), Stephen Longstreet",The Gay Sisters
"Gentle Annie (1942), MacKinlay Kantor",Gentle Annie (1944)
"Gentlemen Prefer Blondes (1925), Anita Loos",Gentlemen Prefer Blondes (1928) (presumed lost film)Gentlemen Prefer Blondes (1953)
"Geordie (1950), David Walker",Geordie (1955)
"Georgy Girl (1965), Margaret Forster",Georgy Girl (1966)
"Get Shorty (1990), Elmore Leonard",Get Shorty (1995)
"The Getaway (1959), Jim Thompson",The Getaway (1972)The Getaway (1994)
"The Ghost (2007), Robert Harris",The Ghost Writer (2010)
"The Ghost and Mrs. Muir (1945), Josephine Leslie (as R. A. Dick)",The Ghost and Mrs. Muir (1947)
"Giant (1952), Edna Ferber",Giant (1956)
"Gidge (1957), Frederick Kohner",Gidget (1959)
"Gigi (1944), Colette",Gigi (1949)Gigi (1958)
"The Gingerbread Man (written in 1994, yet left unpublished), John Grisham",The Gingerbread Man (1998)
"The Girl from Petrovka (1972), George Feifer",The Girl from Petrovka (1974)
"The Girl Who Leapt Through Time (1966–1967) (serial), (1967) (novel), Yasutaka Tsutsui",The Girl Who Leapt Through Time (1983)The Girl Who Leapt Through Time (1997)Morning Musume: Shinshun! Love Stories (2002) (TV)The Girl Who Leapt Through Time (2006)Time Traveller: The Girl Who Leapt Through Time (2010)
"Girl with a Pearl Earring (1999), Tracy Chevalier",Girl with a Pearl Earring (2003)
"The Girls' Guide to Hunting and Fishing (2000), Melissa Bank",Suburban Girl (2008)The Girls' Guide to Hunting and Fishing (2012)
"The Glass Inferno (1974), Thomas N. Scortia and Frank M. Robinson",The Towering Inferno (1974)
"Glitz (1985), Elmore Leonard",Glitz (1988) (TV)
"Glory for Me (1945), MacKinlay Kantor",The Best Years of Our Lives (1946)
"Gnomes (a.k.a. Leven en werken van de Kabouter) (1977), Wil Huygen and Rien Poortvliet",Gnomes (1980)
"The Gnomobile (1937), Upton Sinclair",The Gnome-Mobile (1967)
"The Go-Between (1953), L. P. Hartley",The Go-Between (1971)The Go-Between (2015)
"God and My Country (1954), MacKinlay Kantor","Follow Me, Boys! (1966)"
"The Godfather (1969), Mario Puzo",The Godfather (1972)* The Godfather Part II (1974)** The Godfather Part III (1990)
"Gods and Generals (1996), Jeffrey Shaara",Gettysburg (1993)Gods and Generals (2003)
"The Gods Hate Kansas (1964), Joseph Millard",They Came from Beyond Space (1967)
"God's Little Acre (1933), Erskine Caldwell",God's Little Acre (1958)
"Gold Coast (1980), Elmore Leonard",Gold Coast (1997) (TV)
"Gold Mine (1970), Wilbur Smith",Gold (1974)
"The Golden Bowl (1904), Henry James",The Golden Bowl (1971) (TV) (mini)The Golden Bowl (2000)
"The Golden Evenings of Summer (1971), Will Stanton",Charley and the Angel (1973)
"The Golden Key, or the Adventures of Buratino (1936), Aleksey Nikolayevich Tolstoy",The Adventures of Buratino (1959)The Adventures of Buratino (1975)
"Goldfinger (1959), Ian Fleming",Goldfinger (1964)
"Gone with the Wind (1936), Margaret Mitchell",Gone with the Wind (1939)
"The Good Earth (1931), Pearl S. Buck",The Good Earth (1937)
"The Good German (2001), Joseph Kanon",The Good German (2006)
"A Good Year (2004), Peter Mayle",A Good Year (2006)
"Goodbye Piccadilly, Farewell Leicester Square (1969), Arthur La Bern",Frenzy (1972)
"Goodbye, Mr. Chips (1934), James Hilton","Goodbye, Mr. Chips (1939)Goodbye, Mr. Chips (1969)Goodbye, Mr. Chips (2004) (TV) (serial)Goodbye, Mr. Chips (2004) (TV)"
"Gorky Park (1981), Martin Cruz Smith",Gorky Park (1983)
"Grand Canary (1933), A. J. Cronin",Grand Canary (1934)
"The Grapes of Wrath (1939), John Steinbeck",The Grapes of Wrath (1940)
"The Great Bank Robbery (1969), Frank O'Rourke",The Great Bank Robbery (1969)
"The Great Dinosaur Robbery (1970), David Eliades and Robert Forrest Webb (as David Forrest)",One of Our Dinosaurs Is Missing (1975)
"Great Expectations (1860–1861) (serial) (1861) (novel), Charles Dickens",Great Expectations (1917)Great Expectations (1922)Great Expectations (1934)Great Expectations (1946)Great Expectations (1967) (TV) (mini)Great Expectations (1974) (TV)Great Expectations (1981) (TV) (serial)Great Expectations (1983)Great Expectations (1989) (TV) (mini)Great Expectations (1998)Great Expectations (1999) (TV)Great Expectations (2011) (TV)
"The Great Gatsby (1925), F. Scott Fitzgerald",The Great Gatsby (1926)The Great Gatsby (1949)The Great Gatsby (1974)The Great Gatsby (2000) (TV)G (2002)The Great Gatsby (2007)The Great Gatsby (2013)
"The Great Man (1955), Al Morgan",The Great Man (1956)
"The Great Santini (1976), Pat Conroy",The Great Santini (1979)
"The Great Train Robbery (1975), Michael Crichton",The First Great Train Robbery (1979)
"The Great West That Was (1900s), William ""Buffalo Bill"" Cody",The Indians are Coming (1930) (serial)Rustlers of Red Dog (1935) (serial)
"Green for Danger (1944), Christianna Brand",Green for Danger (1946)
"Green Mansions (1904), William Henry Hudson",Green Mansions (1959)
"The Green Mile (1996) (serial/novel), Stephen King",The Green Mile (1999)
"The Green Years (1944), A. J. Cronin",The Green Years (1946)
"The Greengage Summer (1958), Rumer Godden",The Greengage Summer (1961)
"Grendel (1971), John Gardner",Grendel Grendel Grendel (1981)
"The Grifters (1963), Jim Thompson",The Grifters (1990)
"The Grizzly King (1916), James Oliver Curwood",L'Ours (The Bear) (1988)
"Gros câlin (1974), (as Émile Ajar)",Gros câlin (1979)
"The Grotesque (1989), Patrick McGrath","The Grotesque (1995) (a. k. a. Grave Indiscretion, Gentlemen Don't Eat Poets)"
"The Group (1963), Mary McCarthy",The Group (1966)
"Gruesome School (1991–2006) (series), Paul van Loon",Gruesome School Trip (2005)
"La Guerre des boutons (The War of the Buttons) (1912), Louis Pergaud",War of the Buttons (La Guerre des boutons) (1962)War of the Buttons (1994)
"The Guilty Head (1969), Romain Gary",Les faussaires (1994)
"Gulliver's Travels (1726), Jonathan Swift",Le Voyage de Gulliver à Lilliput et chez les géants (1902)The New Gulliver (1935)Gulliver's Travels (1939)The Three Worlds of Gulliver (1960)Gulliver's Travels Beyond the Moon (1965)Gulliver's Travels (1977)Gulliver's Travels (1996) (TV) (mini)Gulliver's Travels (2010)
"The Guns of Navarone (1957), Alistair MacLean",The Guns of Navarone (1961)
"Guns of the Timberland (1955), Louis L'Amour",Guns of the Timberland (1960)
"The Gypsy Moths (1955), James William Drought (as James Drought)",The Gypsy Moths (1969)
"H.M. Pulham, Esquire (1942), John P. Marquand","H.M. Pulham, Esq. (1941)"
"Hababam Sınıfı (1975), Rifat Ilgaz",Hababam Sınıfı (1975)
"A Hall of Mirrors (1967), Robert Stone",WUSA (1970)
"The Hamlet (1940), William Faulkner","The Long, Hot Summer (1958)"
"Hammers Over the Anvil (1952), Alan Marshall",Hammers Over the Anvil (1991)
"The Handmaid's Tale (1985), Margaret Atwood",The Handmaid's Tale (1990)
"Hannibal (1999), Thomas Harris",Hannibal (2001)
"Happy Land (1943), MacKinlay Kantor",Happy Land (1943)
"Al-Haram (The Forbidden) (1961), Yusuf Idris",Al Haram (1965)
"The Harder They Fall (1946), Budd Schulberg",The Harder They Fall (1956)
"Harry Black (1956), David Walker",Harry Black (1958)
"Harry Potter (1997–2007) (series), J. K. RowlingHarry Potter and the Philosopher's Stone (1997)* Harry Potter and the Chamber of Secrets (1998)** Harry Potter and the Prisoner of Azkaban (1999)** * Harry Potter and the Goblet of Fire (2000)** **  Harry Potter and the Order of the Phoenix (2003)** ** * Harry Potter and the Half-Blood Prince (2005)** ** ** Harry Potter and the Deathly Hallows (2007)",Harry Potter (2001–2011) (series)Harry Potter and the Philosopher's Stone (2001)* Harry Potter and the Chamber of Secrets (2002)** Harry Potter and the Prisoner of Azkaban (2004)** * Harry Potter and the Goblet of Fire (2005)** ** Harry Potter and the Order of the Phoenix (2007)** ** * Harry Potter and the Half-Blood Prince (2009)** ** ** Harry Potter and the Deathly Hallows – Part 1 (2010)** ** ** Harry Potter and the Deathly Hallows – Part 2 (2011)
"Hart's War (1999), John Katzenbach",Hart's War (2002)
"The Harvest (1950), Galina Nikolayeva",The Return of Vasili Bortnikov (1953)
"The Harvey Girls (1942), Samuel Hopkins Adams",The Harvey Girls (1946)
"Hating Alison Ashley (1984), Robin Klein",Hating Alison Ashley (2005)
"Hatter's Castle (1931), A. J. Cronin",Hatter's Castle (1942)
"Haunted Harbor (1944), Ewart Adamson (as Dayle Douglas)",Haunted Harbor (1944)
"The Haunting of Hill House (1959), Shirley Jackson",The Haunting (1963)The Haunting (1999)
"Hawaii (1959), James A. Michener",Hawaii (1966)* The Hawaiians (1970)
"Hawk of the Wilderness (1933), William L. Chester",Hawk of the Wilderness (1938)
"He Ran All the Way (1948), Sam Ross",He Ran All the Way (1951)
"Header (1995), Edward Lee",Header (2006)
"Headhunters (2001), Jules Bass",Monte Carlo (2011)
"The Heart of the Matter (1948), Graham Greene",The Heart of the Matter (1953)The Heart of the Matter (1983) (TV)
"The Heaven Sword and Dragon Saber (1961), Jin Yong",Story of the Sword and the Sabre (1963–1965)Heaven Sword and Dragon Sabre (1978)The Hidden Power of the Dragon Sabre (1984)Kung Fu Cult Master (1993)
"Heidi (1880), Johanna Spyri",Heidi (1937)Heidi (1952)* Heidi and Peter (1955)Heidi (1959)Heidi (1968) (TV)The Story of Heidi (1974) (TV)Heidi's Song (1982)Heidi (1993) (mini)Heidi (1996)Heidi (2005) (animated feature film produced by Nelvana)Heidi (2005) (live-action film directed by Paul Marcus)Heidi 4 Paws (2008)
"Hell House (1971), Richard Matheson",The Legend of Hell House (1973)
"The Hellbound Heart (1986), Clive Barker",Hellraiser (1987)
"Heller with a Gun (1954), Louis L'Amour",Heller in Pink Tights (1960)
"The Help (2009), Kathryn Stockett",The Help (2011)
"The Heritage of the Desert (1910), Zane Grey",Heritage of the Desert (1924)Heritage of the Desert (1932)Heritage of the Desert (1939)
"The High and the Mighty (1953), Ernest K. Gann",The High and the Mighty (1954)
"High Fidelity (1995), Nick Hornby",High Fidelity (2000)
"The History of Mr. Polly (1910), H. G. Wells",The History of Mr. Polly (1949)
"The History of Tom Jones, a Foundling (1749), Henry Fielding","Tom Jones (1917)Tom Jones (1963)The Bawdy Adventures of Tom Jones (1976)Tom Jones (1996) (TV)The History of Tom Jones, a Foundling  (1997) (TV)"
"A History of Violence (1997), John Wagner",A History of Violence (2005)
"The Hitchhiker's Guide to the Galaxy (1979), Douglas Adams",The Hitchhiker's Guide to the Galaxy (2004)
"The Hobbit (1937), J. R. R. Tolkien",The Hobbit (1977) (TV)The Hobbit (2012–2014) (series)The Hobbit: An Unexpected Journey (2012)* The Hobbit: The Desolation of Smaug (2013)* The Hobbit: The Battle of the Five Armies (2014)
"The Holcroft Covenant (1978), Robert Ludlum",The Holcroft Covenant (1985)
"The Holy Innocents (1988), Gilbert Adair",The Dreamers (2003)
"Hombre (1961), Elmore Leonard",Hombre (1967)
"The Home and the World (The Home and the World) (a.k.a. ঘরে বাইরে  lit. At Home and Outside) (1916), Rabindranath Tagore",Ghare Baire (1984)
"The Honorary Consul (1973), Graham Greene",The Honorary Consul (1983)
"Hopalong Cassidy (1906–1941) (series), Clarence E. Mulford",Hopalong Cassidy (1935–1938) (series)
"Horrid Henry (1994–2011) (series), Francesca Simon",Horrid Henry: The Movie (2011)
"Horseman, Pass By (1961), Larry McMurtry",Hud (1963)
"The Host (2008), Stephenie Meyer",The Host (2013)
"The Hot Rock (1970), Donald E. Westlake",The Hot Rock (1972)
"The Hound of the Baskervilles (1901–1902) (serial), (1902) (novel), Arthur Conan Doyle",The Hound of the Baskervilles (1921)The Hound of the Baskervilles (1932)The Hound of the Baskervilles (1937)The Hound of the Baskervilles (1939)The Hound of the Baskervilles (1959)Bees Saal Baad (1962)The Hound of the Baskervilles (1978)The Hound of the Baskervilles (1981)The Hound of the Baskervilles (2000) (TV)The Hound of the Baskervilles (2002) (TV)
"The Hound of Florence (1923), Felix Salten",The Shaggy Dog (1959)* The Shaggy D.A. (1976)** The Return of the Shaggy Dog (1987) (TV)The Shaggy Dog (1994) (TV)The Shaggy Dog (2006)
"The Hour Before Dawn (1942), W. Somerset Maugham",The Hour Before the Dawn (1944)
"The Hours (1998), Michael Cunningham",The Hours (2002)
"How Green Was My Valley (1939), Richard Llewellyn",How Green Was My Valley (1941)
"Howards End (1910), E. M. Forster",Howards End (1992)
"The Howling (1977), Gary Brandner",The Howling (1981)Howling II: Stirba - Werewolf Bitch (1985)Howling III (1987)Howling IV: The Original Nightmare (1988)Howling V: The Rebirth (1990)Howling VI: The Freaks (1992)Howling: New Moon Rising (1994)
"The Human Stain (2000), Philip Roth",The Human Stain (2003)
"The Hunchback of Notre-Dame (Notre-Dame de Paris (""Our Lady of Paris"") ) (1831), Victor Hugo",Esmeralda (1905)The Hunchback of Notre Dame (1911)The Darling of Paris (1917)Esmeralda (1922)The Hunchback of Notre Dame (1923)The Hunchback of Notre Dame (1939)The Hunchback of Notre Dame (1956)The Hunchback of Notre Dame (1966) (TV)Kubra Aashiq (1973)The Hunchback of Notre Dame (1977) (TV)The Hunchback of Notre Dame (1982) (TV)The Hunchback of Notre Dame (1986) (TV)The Hunchback of Notre Dame (1996)* The Hunchback of Notre Dame II (2002)The Hunchback (1997)Quasimodo d'El Paris (1999)
"The Hundred and One Dalmatians (1956), Dodie Smith",One Hundred and One Dalmatians (1961)* 101 Dalmatians II: Patch's London Adventure (2003)101 Dalmatians (1996)* 102 Dalmatians (2000)
"The Hunger Games Trilogy (2008–2010) (series), Suzanne CollinsThe Hunger Games (2008)* Catching Fire (2009)** Mockingjay (2010)",The Hunger Games film series (2012–2015) (series)The Hunger Games (2012)* The Hunger Games: Catching Fire (2013)** The Hunger Games: Mockingjay – Part 1 (2014)** * The Hunger Games: Mockingjay – Part 2 (2015)
"The Hunt for Red October (1984), Tom Clancy",The Hunt for Red October (1990)
"The Hunter (1962), Donald E. Westlake (as Richard Stark)",Point Blank (1967)Payback (1999)Full Contact (2003)
"The Hustler (1959), Walter Tevis",The Hustler (1961)
"I Am Legend (1954), Richard Matheson",The Last Man on Earth (1964)The Omega Man (1971)I Am Legend (2007)I Am Ωmega (2007)
"I Am Number Four (2010), Pittacus Lore",I Am Number Four (2011)
"I Know What You Did Last Summer (1973), Lois Duncan",I Know What You Did Last Summer (1997)* I Still Know What You Did Last Summer (2000)** I'll Always Know What You Did Last Summer (2006) (V)
"I Love You, Beth Cooper (2007), Larry Doyle","I Love You, Beth Cooper (2009)"
"Ice Station Zebra (1963), Alistair MacLean",Ice Station Zebra (1968)
"If I Die Before I Wake (1938), Sherwood King",The Lady from Shanghai (1947)
"The IPCRESS File (1962), Len Deighton",The Ipcress File (1965)
"The Illustrated Man (1951), Ray Bradbury",The Illustrated Man (1968)
"Im Westen Nichts Neues (All Quiet on the Western Front) (1929), Erich Maria Remarque",All Quiet on the Western Front (1930)* The Road Back (1937)All Quiet on the Western Front (1979) (TV)
"Imagining Argentina (1987), Lawrence Thornton",Imagining Argentina (2003)
"Immortality, Inc. (1959), Robert Sheckley",Freejack (1992)
"An Imperfect Lover (1928), Robert Gore-Browne",Cynara (1932)
"In Country (1985), Bobbie Ann Mason",In Country (1989)
"The Incredible Journey (1961), Sheila Burnford",The Incredible Journey (1963)Homeward Bound: The Incredible Journey (1993)* Homeward Bound II: Lost in San Francisco (1996)
"Incubus (1976), Ray Russell",The Incubus (1981)
"Indian Country (1953), Dorothy M. Johnson",A Man Called Horse (1970)* The Return of a Man Called Horse (1976)** Triumphs of a Man Called Horse (1983)
"The Innocent (1990), Ian McEwan",The Innocent (1993)
"In Search of the Castaways (The Children of Captain Grant) (1867–1868) (serial), (1873) (novel), Jules Verne","Дети капитана Гранта (Deti kapitana Granta, Captain Grant's Children) (1936)In Search of the Castaways (1962)V poiskakh kapitana Granta (1985) (TV)"
"Instruct My Sorrows (1942), Clare Jaynes",My Reputation (1946)
"Interview with the Vampire (1976), Anne Rice",Interview with the Vampire (1994)
"The Investigation (1977), Dorothy Uhnak",Kojak: The Price of Justice (1987) (TV)
"The Invisible Man (1897), H. G. Wells",The Invisible Man (1933)* The Invisible Man Returns (1940)** The Invisible Woman (1940)** * Invisible Agent (1942)** ** The Invisible Man's Revenge (1944)** ** * Abbott and Costello Meet the Invisible Man (1951)
"In the Heat of the Night (1965), John Bell",In the Heat of the Night (1967)* They Call Me MISTER Tibbs! (1970)** The Organization (1971)
"In This House of Brede (1969), Rumer Godden",In This House of Brede (1975) (TV)
"The Iron Man (1968), Ted Hughes",The Iron Giant (1999)
"The Iron Trail (1913), Rex Beach",The Iron Trail (1921)
"The Island (1979), Peter Benchley",The Island (1980)
"Island in the Sky (1944), Ernest K. Gann",Island in the Sky (1953)
"The Island of Doctor Moreau (1896), H. G. Wells",Island of Lost Souls (1932)Terror Is a Man (1959)The Island of Doctor Agor (1971)The Island of Dr. Moreau (1977)The Island of Dr. Moreau (1996)
"Islands in the Stream (1970), Ernest Hemingway",Islands in the Stream (1977)
"It (1986), Stephen King",It (1990) (TV)It (2017)
"It Can't Happen Here (1935), Sinclair Lewis",Shadow of the Land (a.k.a. United States: It Can't Happen Here) (1968) (TV)
"Ivanhoe (1820), Sir Walter Scott",Ivanhoe (1913)Ivanhoe (1952)Ivanhoe (1970) (TV) (mini)Ivanhoe (1982)The Ballad of the Valiant Knight Ivanhoe (Баллада о доблестном рыцаре Айвенго) (1983)Ivanhoe (1986)Ivanhoe (1997) (TV)The Legend of Ivanhoe (1999) (TV)Darkest Knight (2000) (TV)
"Jack in the Box (1980), William Kotzwinkle",Book of Love (1990)
"Jack's Return Home (1970), Ted Lewis",Get Carter (1971)Hit Man (1972)Get Carter (2000)
"James and the Giant Peach (1961), Roald Dahl",James and the Giant Peach (1996)
"Jane Eyre (1847), Charlotte Brontë (as Currer Bell)","Jane Eyre (1915)The Castle of Thornfield (1915)Woman and Wife (1918)Jane Eyre (1921)Orphan of Lowood (1926)Jane Eyre (1934)I Walked with a Zombie (1943)Jane Eyre (1944)Sangdil (1952) (a.k.a. Jane Eyre)The Orphan Girl (1956)El Secreto (English: ""The Secret"") (1963)Jane Eyre (1970)Shanti Nilayam (1972)Ardiente Secreto (1978) (English: ""Ardent Secret"") (1978)Jane Eyre (1996)Jane Eyre (2011)"
"Jassy (1944), Norah Lofts",Jassy (1947)
"Jaws (1974), Peter Benchley",Jaws (1975–1987) (series)Jaws (1975)* Jaws 2 (1978)** Jaws 3-D (1983)** * Jaws: The Revenge (1987)
"Jean le Bleu (1932), Jean Giono",La femme du boulanger (The Baker's Wife) (1938)
"The Jewel of Seven Stars (1903), Bram Stoker",The Curse of the Mummy (1970) (TV)Blood from the Mummy's Tomb (1971)The Awakening (1980)Bram Stoker's Legend of the Mummy (1997)
"Jim Kane (1970), Joseph P. Brown",Pocket Money (1972)
"Jimmy the Kid (1967), Donald E. Westlake (as Richard Stark)",Come ti rapisco il pupo (1976)Jimmy the Kid (1982)Jimmy the Kid (1998)
"Jitter Joint (1999), Howard Swindle",D-Tox (a. k. a. Eye See You) (2002)
"Johnny Tremain (1944), Esther Forbes",Johnny Tremain (1957)
"Josepha (1981), Christopher Frank",Josepha (1982)
"Journal d'un curé de campagne (1936), Georges Bernanos",Diary of a Country Priest (1951)
"A Journey to Matecumbe (1961), Robert Lewis Taylor",Treasure of Matecumbe (1976)
"Journey to Shiloh (1960), Henry Wilson Allen",Journey to Shiloh (1963)
"Journey to the West (1590s), Wu Cheng'en","Havoc in Heaven (1961)Shaw Brothers Studio film series:Monkey Goes West (1966)* Princess Iron Fan (1966)** The Cave of the Silken Web (1967)*** The Land of Many Perfumes (1968)A Chinese Odyssey (1995)Heavenly Legend (1998)A Chinese Tall Story (2005)The Fire Ball (2005)The Adventures of Super Monkey (2007)The Forbidden Kingdom (2008)The Monkey King (2012)Journey to the West (future, TBA)"
"The Joy Luck Club (1989), Amy Tan",The Joy Luck Club (1993)
"Jude the Obscure (1895), Thomas Hardy",Jude the Obscure (1971)Jude (1996)
"A Judgement in Stone (1977), Ruth Rendell",La Cérémonie (1995)
"The Juggler (1965), Donald E. Westlake (as Richard Stark)",Made in U.S.A. (1966)
"Jumanji (1981), Chris Van Allsburg",Jumanji (1995)
"The Jungle Book (1894), Rudyard Kipling* The Second Jungle Book (1895), Rudyard Kipling",Elephant Boy (1937)Jungle Book (1942)The Jungle Book (1967)* The Jungle Book 2 (2003)Adventures of Mowgli (1967)The Jungle Book (1994)* The Second Jungle Book: Mowgli & Baloo (1997)** Jungle Book: Mowgli's Story (1998)Mowgli: The New Adventures of the Jungle Book (1998)
"Jupiter Laughs (1940), A. J. Cronin",Shining Victory (1941)Ich suche Dich (I Seek You) (1956)
"Jurassic Park (1990), Michael Crichton",Jurassic Park (1993–present) (series)Jurassic Park (1993)* The Lost World: Jurassic Park (1997)** Jurassic Park III (2001)
"The Jungle (1906), Upton Sinclair",The Jungle (1914)
"Justine (1957), Lawrence Durrell",Justine (1969)
